INSERT INTO tiposproducto VALUES ('TMC14', 4, 3.00, 'TomaCorrientes', 'F', 'Sontomacorrientes', 'admin', '2017-11-14', '2', 'ACTIVO', 0.30, 0.20, 2, 0.20, 3);
INSERT INTO tiposproducto VALUES ('ESCT13', 3, 20.00, 'Escritorios', 'F', 'Unescritorio', 'admin', '2017-11-14', '2', 'ACTIVO', 1.00, 0.80, 2, 0.50, 3);
INSERT INTO tiposproducto VALUES ('LAP2', 2, 5.00, 'Lapicero', 'F', 'NiceLapiz', 'admin', '2017-11-14', '2', 'ACTIVO', 0.50, 0.20, 2, 0.10, 3);
INSERT INTO tiposproducto VALUES ('HMR2', 1, 25.00, 'Hammer', 'F', 'Esunmartillo', 'admin', '2017-11-14', '2', 'ACTIVO', 1.00, 1.00, 2, 1.00, 3);
INSERT INTO tiposproducto VALUES ('SER5', 5, 15.00, 'Serrucho', 'F', '', 'admin', '2017-11-14', '1', 'ACTIVO', 1.00, 1.00, 2, 1.00, 3);
INSERT INTO tiposproducto VALUES ('ENCH6', 6, 1.00, 'Enchufe', 'F', '', 'admin', '2017-11-14', '1', 'ACTIVO', 1.00, 1.00, 2, 1.00, 3);
INSERT INTO almacenes VALUES ('ALMCT-4', 1, 'ALC', 'T', 600, 600, 10.00, 'admin', '2017-11-14', '1', 0, 0);
INSERT INTO almacenes VALUES ('ALMCT-4-almlog-4', 4, 'LOG3', 'F', 270, 240, 10.00, 'admin', '2017-11-14', '1', 2, 30);
INSERT INTO almacenes VALUES ('ALMCT-3-almlog-3', 3, 'LOG2', 'F', 200, 490, 10.00, 'admin', '2017-11-14', '1', 34, 6);
INSERT INTO almacenes VALUES ('ALMCT-2-almlog-2', 2, 'LOG1', 'F', 270, 270, 10.00, 'admin', '2017-11-14', '1', 0, 0);
INSERT INTO racks VALUES ('ALMCT-4-almlog-4-X1Y13-X12Y13', 4, 3, 'ALMCT-4-almlog-4', 120, 1, 'T', 1, 13, 12, 13, 'ACTIVO', 'HORIZONTAL', 100.00);
INSERT INTO racks VALUES ('ALMCT-4-almlog-4-X23Y4-X23Y21', 4, 4, 'ALMCT-4-almlog-4', 180, 1, 'T', 23, 4, 23, 21, 'ACTIVO', 'VERTICAL', 100.00);
INSERT INTO racks VALUES ('ALMCT-3-almlog-3-X14Y7-X14Y38', 3, 2, 'ALMCT-3-almlog-3', 320, 1, 'T', 14, 7, 14, 38, 'ACTIVO', 'VERTICAL', 100.00);
INSERT INTO racks VALUES ('ALMCT-3-almlog-3-X1Y1-X14Y1', 3, 5, 'ALMCT-3-almlog-3', 140, 1, 'T', 1, 1, 14, 1, 'ACTIVO', 'HORIZONTAL', 100.00);
INSERT INTO racks VALUES ('ALMCT-2-almlog-2-X2Y11-X22Y11', 2, 1, 'ALMCT-2-almlog-2', 210, 2, 'T', 2, 11, 22, 11, 'ACTIVO', 'HORIZONTAL', 100.00);
INSERT INTO racks VALUES ('ALMCT-2-almlog-2-X4Y26-X25Y26', 2, 6, 'ALMCT-2-almlog-2', 220, 1, 'T', 4, 26, 25, 26, 'ACTIVO', 'HORIZONTAL', 100.00);
INSERT INTO racks VALUES ('ALMCT-2-almlog-2-X4Y4-X19Y4', 2, 7, 'ALMCT-2-almlog-2', 160, 1, 'T', 4, 4, 19, 4, 'ACTIVO', 'HORIZONTAL', 100.00);
INSERT INTO almacenareaxys VALUES (1, 2, 'L', 'RACK', 'ALMCT-2-almlog-2-X2Y11-X22Y11', 1, 2, 'ALMCT-2-almlog-2', 2, 11);
INSERT INTO almacenareaxys VALUES (2, 2, 'L', 'RACK', 'ALMCT-2-almlog-2-X2Y11-X22Y11', 1, 2, 'ALMCT-2-almlog-2', 3, 11);
INSERT INTO almacenareaxys VALUES (3, 2, 'L', 'RACK', 'ALMCT-2-almlog-2-X2Y11-X22Y11', 1, 2, 'ALMCT-2-almlog-2', 4, 11);
INSERT INTO almacenareaxys VALUES (4, 2, 'L', 'RACK', 'ALMCT-2-almlog-2-X2Y11-X22Y11', 1, 2, 'ALMCT-2-almlog-2', 5, 11);
INSERT INTO almacenareaxys VALUES (5, 2, 'L', 'RACK', 'ALMCT-2-almlog-2-X2Y11-X22Y11', 1, 2, 'ALMCT-2-almlog-2', 6, 11);
INSERT INTO almacenareaxys VALUES (6, 2, 'L', 'RACK', 'ALMCT-2-almlog-2-X2Y11-X22Y11', 1, 2, 'ALMCT-2-almlog-2', 7, 11);
INSERT INTO almacenareaxys VALUES (7, 2, 'L', 'RACK', 'ALMCT-2-almlog-2-X2Y11-X22Y11', 1, 2, 'ALMCT-2-almlog-2', 8, 11);
INSERT INTO almacenareaxys VALUES (8, 2, 'L', 'RACK', 'ALMCT-2-almlog-2-X2Y11-X22Y11', 1, 2, 'ALMCT-2-almlog-2', 9, 11);
INSERT INTO almacenareaxys VALUES (9, 2, 'L', 'RACK', 'ALMCT-2-almlog-2-X2Y11-X22Y11', 1, 2, 'ALMCT-2-almlog-2', 10, 11);
INSERT INTO almacenareaxys VALUES (10, 2, 'L', 'RACK', 'ALMCT-2-almlog-2-X2Y11-X22Y11', 1, 2, 'ALMCT-2-almlog-2', 11, 11);
INSERT INTO almacenareaxys VALUES (11, 2, 'L', 'RACK', 'ALMCT-2-almlog-2-X2Y11-X22Y11', 1, 2, 'ALMCT-2-almlog-2', 12, 11);
INSERT INTO almacenareaxys VALUES (12, 2, 'L', 'RACK', 'ALMCT-2-almlog-2-X2Y11-X22Y11', 1, 2, 'ALMCT-2-almlog-2', 13, 11);
INSERT INTO almacenareaxys VALUES (13, 2, 'L', 'RACK', 'ALMCT-2-almlog-2-X2Y11-X22Y11', 1, 2, 'ALMCT-2-almlog-2', 14, 11);
INSERT INTO almacenareaxys VALUES (14, 2, 'L', 'RACK', 'ALMCT-2-almlog-2-X2Y11-X22Y11', 1, 2, 'ALMCT-2-almlog-2', 15, 11);
INSERT INTO almacenareaxys VALUES (15, 2, 'L', 'RACK', 'ALMCT-2-almlog-2-X2Y11-X22Y11', 1, 2, 'ALMCT-2-almlog-2', 16, 11);
INSERT INTO almacenareaxys VALUES (16, 2, 'L', 'RACK', 'ALMCT-2-almlog-2-X2Y11-X22Y11', 1, 2, 'ALMCT-2-almlog-2', 17, 11);
INSERT INTO almacenareaxys VALUES (17, 2, 'L', 'RACK', 'ALMCT-2-almlog-2-X2Y11-X22Y11', 1, 2, 'ALMCT-2-almlog-2', 18, 11);
INSERT INTO almacenareaxys VALUES (18, 2, 'L', 'RACK', 'ALMCT-2-almlog-2-X2Y11-X22Y11', 1, 2, 'ALMCT-2-almlog-2', 19, 11);
INSERT INTO almacenareaxys VALUES (19, 2, 'L', 'RACK', 'ALMCT-2-almlog-2-X2Y11-X22Y11', 1, 2, 'ALMCT-2-almlog-2', 20, 11);
INSERT INTO almacenareaxys VALUES (20, 2, 'L', 'RACK', 'ALMCT-2-almlog-2-X2Y11-X22Y11', 1, 2, 'ALMCT-2-almlog-2', 21, 11);
INSERT INTO almacenareaxys VALUES (21, 2, 'L', 'RACK', 'ALMCT-2-almlog-2-X2Y11-X22Y11', 1, 2, 'ALMCT-2-almlog-2', 22, 11);
INSERT INTO almacenareaxys VALUES (22, 1, 'L', 'RACK', 'ALMCT-3-almlog-3-X14Y7-X14Y38', 2, 3, 'ALMCT-3-almlog-3', 14, 7);
INSERT INTO almacenareaxys VALUES (23, 1, 'L', 'RACK', 'ALMCT-3-almlog-3-X14Y7-X14Y38', 2, 3, 'ALMCT-3-almlog-3', 14, 8);
INSERT INTO almacenareaxys VALUES (24, 1, 'L', 'RACK', 'ALMCT-3-almlog-3-X14Y7-X14Y38', 2, 3, 'ALMCT-3-almlog-3', 14, 9);
INSERT INTO almacenareaxys VALUES (25, 1, 'L', 'RACK', 'ALMCT-3-almlog-3-X14Y7-X14Y38', 2, 3, 'ALMCT-3-almlog-3', 14, 10);
INSERT INTO almacenareaxys VALUES (26, 1, 'L', 'RACK', 'ALMCT-3-almlog-3-X14Y7-X14Y38', 2, 3, 'ALMCT-3-almlog-3', 14, 11);
INSERT INTO almacenareaxys VALUES (27, 1, 'L', 'RACK', 'ALMCT-3-almlog-3-X14Y7-X14Y38', 2, 3, 'ALMCT-3-almlog-3', 14, 12);
INSERT INTO almacenareaxys VALUES (28, 1, 'L', 'RACK', 'ALMCT-3-almlog-3-X14Y7-X14Y38', 2, 3, 'ALMCT-3-almlog-3', 14, 13);
INSERT INTO almacenareaxys VALUES (29, 1, 'L', 'RACK', 'ALMCT-3-almlog-3-X14Y7-X14Y38', 2, 3, 'ALMCT-3-almlog-3', 14, 14);
INSERT INTO almacenareaxys VALUES (30, 1, 'L', 'RACK', 'ALMCT-3-almlog-3-X14Y7-X14Y38', 2, 3, 'ALMCT-3-almlog-3', 14, 15);
INSERT INTO almacenareaxys VALUES (31, 1, 'L', 'RACK', 'ALMCT-3-almlog-3-X14Y7-X14Y38', 2, 3, 'ALMCT-3-almlog-3', 14, 16);
INSERT INTO almacenareaxys VALUES (32, 1, 'L', 'RACK', 'ALMCT-3-almlog-3-X14Y7-X14Y38', 2, 3, 'ALMCT-3-almlog-3', 14, 17);
INSERT INTO almacenareaxys VALUES (33, 1, 'L', 'RACK', 'ALMCT-3-almlog-3-X14Y7-X14Y38', 2, 3, 'ALMCT-3-almlog-3', 14, 18);
INSERT INTO almacenareaxys VALUES (34, 1, 'L', 'RACK', 'ALMCT-3-almlog-3-X14Y7-X14Y38', 2, 3, 'ALMCT-3-almlog-3', 14, 19);
INSERT INTO almacenareaxys VALUES (35, 1, 'L', 'RACK', 'ALMCT-3-almlog-3-X14Y7-X14Y38', 2, 3, 'ALMCT-3-almlog-3', 14, 20);
INSERT INTO almacenareaxys VALUES (36, 1, 'L', 'RACK', 'ALMCT-3-almlog-3-X14Y7-X14Y38', 2, 3, 'ALMCT-3-almlog-3', 14, 21);
INSERT INTO almacenareaxys VALUES (37, 1, 'L', 'RACK', 'ALMCT-3-almlog-3-X14Y7-X14Y38', 2, 3, 'ALMCT-3-almlog-3', 14, 22);
INSERT INTO almacenareaxys VALUES (38, 1, 'L', 'RACK', 'ALMCT-3-almlog-3-X14Y7-X14Y38', 2, 3, 'ALMCT-3-almlog-3', 14, 23);
INSERT INTO almacenareaxys VALUES (39, 1, 'L', 'RACK', 'ALMCT-3-almlog-3-X14Y7-X14Y38', 2, 3, 'ALMCT-3-almlog-3', 14, 24);
INSERT INTO almacenareaxys VALUES (40, 1, 'L', 'RACK', 'ALMCT-3-almlog-3-X14Y7-X14Y38', 2, 3, 'ALMCT-3-almlog-3', 14, 25);
INSERT INTO almacenareaxys VALUES (41, 1, 'L', 'RACK', 'ALMCT-3-almlog-3-X14Y7-X14Y38', 2, 3, 'ALMCT-3-almlog-3', 14, 26);
INSERT INTO almacenareaxys VALUES (42, 1, 'L', 'RACK', 'ALMCT-3-almlog-3-X14Y7-X14Y38', 2, 3, 'ALMCT-3-almlog-3', 14, 27);
INSERT INTO almacenareaxys VALUES (43, 1, 'L', 'RACK', 'ALMCT-3-almlog-3-X14Y7-X14Y38', 2, 3, 'ALMCT-3-almlog-3', 14, 28);
INSERT INTO almacenareaxys VALUES (44, 1, 'L', 'RACK', 'ALMCT-3-almlog-3-X14Y7-X14Y38', 2, 3, 'ALMCT-3-almlog-3', 14, 29);
INSERT INTO almacenareaxys VALUES (45, 1, 'L', 'RACK', 'ALMCT-3-almlog-3-X14Y7-X14Y38', 2, 3, 'ALMCT-3-almlog-3', 14, 30);
INSERT INTO almacenareaxys VALUES (46, 1, 'L', 'RACK', 'ALMCT-3-almlog-3-X14Y7-X14Y38', 2, 3, 'ALMCT-3-almlog-3', 14, 31);
INSERT INTO almacenareaxys VALUES (47, 1, 'L', 'RACK', 'ALMCT-3-almlog-3-X14Y7-X14Y38', 2, 3, 'ALMCT-3-almlog-3', 14, 32);
INSERT INTO almacenareaxys VALUES (48, 1, 'L', 'RACK', 'ALMCT-3-almlog-3-X14Y7-X14Y38', 2, 3, 'ALMCT-3-almlog-3', 14, 33);
INSERT INTO almacenareaxys VALUES (49, 1, 'L', 'RACK', 'ALMCT-3-almlog-3-X14Y7-X14Y38', 2, 3, 'ALMCT-3-almlog-3', 14, 34);
INSERT INTO almacenareaxys VALUES (50, 1, 'L', 'RACK', 'ALMCT-3-almlog-3-X14Y7-X14Y38', 2, 3, 'ALMCT-3-almlog-3', 14, 35);
INSERT INTO almacenareaxys VALUES (51, 1, 'L', 'RACK', 'ALMCT-3-almlog-3-X14Y7-X14Y38', 2, 3, 'ALMCT-3-almlog-3', 14, 36);
INSERT INTO almacenareaxys VALUES (52, 1, 'L', 'RACK', 'ALMCT-3-almlog-3-X14Y7-X14Y38', 2, 3, 'ALMCT-3-almlog-3', 14, 37);
INSERT INTO almacenareaxys VALUES (53, 1, 'L', 'RACK', 'ALMCT-3-almlog-3-X14Y7-X14Y38', 2, 3, 'ALMCT-3-almlog-3', 14, 38);
INSERT INTO almacenareaxys VALUES (54, 1, 'L', 'RACK', 'ALMCT-4-almlog-4-X1Y13-X12Y13', 3, 4, 'ALMCT-4-almlog-4', 1, 13);
INSERT INTO almacenareaxys VALUES (55, 1, 'L', 'RACK', 'ALMCT-4-almlog-4-X1Y13-X12Y13', 3, 4, 'ALMCT-4-almlog-4', 2, 13);
INSERT INTO almacenareaxys VALUES (56, 1, 'L', 'RACK', 'ALMCT-4-almlog-4-X1Y13-X12Y13', 3, 4, 'ALMCT-4-almlog-4', 3, 13);
INSERT INTO almacenareaxys VALUES (57, 1, 'L', 'RACK', 'ALMCT-4-almlog-4-X1Y13-X12Y13', 3, 4, 'ALMCT-4-almlog-4', 4, 13);
INSERT INTO almacenareaxys VALUES (58, 1, 'L', 'RACK', 'ALMCT-4-almlog-4-X1Y13-X12Y13', 3, 4, 'ALMCT-4-almlog-4', 5, 13);
INSERT INTO almacenareaxys VALUES (59, 1, 'L', 'RACK', 'ALMCT-4-almlog-4-X1Y13-X12Y13', 3, 4, 'ALMCT-4-almlog-4', 6, 13);
INSERT INTO almacenareaxys VALUES (60, 1, 'L', 'RACK', 'ALMCT-4-almlog-4-X1Y13-X12Y13', 3, 4, 'ALMCT-4-almlog-4', 7, 13);
INSERT INTO almacenareaxys VALUES (61, 1, 'L', 'RACK', 'ALMCT-4-almlog-4-X1Y13-X12Y13', 3, 4, 'ALMCT-4-almlog-4', 8, 13);
INSERT INTO almacenareaxys VALUES (62, 1, 'L', 'RACK', 'ALMCT-4-almlog-4-X1Y13-X12Y13', 3, 4, 'ALMCT-4-almlog-4', 9, 13);
INSERT INTO almacenareaxys VALUES (63, 1, 'L', 'RACK', 'ALMCT-4-almlog-4-X1Y13-X12Y13', 3, 4, 'ALMCT-4-almlog-4', 10, 13);
INSERT INTO almacenareaxys VALUES (64, 1, 'L', 'RACK', 'ALMCT-4-almlog-4-X1Y13-X12Y13', 3, 4, 'ALMCT-4-almlog-4', 11, 13);
INSERT INTO almacenareaxys VALUES (65, 1, 'L', 'RACK', 'ALMCT-4-almlog-4-X1Y13-X12Y13', 3, 4, 'ALMCT-4-almlog-4', 12, 13);
INSERT INTO almacenareaxys VALUES (66, 1, 'L', 'RACK', 'ALMCT-4-almlog-4-X23Y4-X23Y21', 4, 4, 'ALMCT-4-almlog-4', 23, 4);
INSERT INTO almacenareaxys VALUES (67, 1, 'L', 'RACK', 'ALMCT-4-almlog-4-X23Y4-X23Y21', 4, 4, 'ALMCT-4-almlog-4', 23, 5);
INSERT INTO almacenareaxys VALUES (68, 1, 'L', 'RACK', 'ALMCT-4-almlog-4-X23Y4-X23Y21', 4, 4, 'ALMCT-4-almlog-4', 23, 6);
INSERT INTO almacenareaxys VALUES (69, 1, 'L', 'RACK', 'ALMCT-4-almlog-4-X23Y4-X23Y21', 4, 4, 'ALMCT-4-almlog-4', 23, 7);
INSERT INTO almacenareaxys VALUES (70, 1, 'L', 'RACK', 'ALMCT-4-almlog-4-X23Y4-X23Y21', 4, 4, 'ALMCT-4-almlog-4', 23, 8);
INSERT INTO almacenareaxys VALUES (71, 1, 'L', 'RACK', 'ALMCT-4-almlog-4-X23Y4-X23Y21', 4, 4, 'ALMCT-4-almlog-4', 23, 9);
INSERT INTO almacenareaxys VALUES (72, 1, 'L', 'RACK', 'ALMCT-4-almlog-4-X23Y4-X23Y21', 4, 4, 'ALMCT-4-almlog-4', 23, 10);
INSERT INTO almacenareaxys VALUES (73, 1, 'L', 'RACK', 'ALMCT-4-almlog-4-X23Y4-X23Y21', 4, 4, 'ALMCT-4-almlog-4', 23, 11);
INSERT INTO almacenareaxys VALUES (74, 1, 'L', 'RACK', 'ALMCT-4-almlog-4-X23Y4-X23Y21', 4, 4, 'ALMCT-4-almlog-4', 23, 12);
INSERT INTO almacenareaxys VALUES (75, 1, 'L', 'RACK', 'ALMCT-4-almlog-4-X23Y4-X23Y21', 4, 4, 'ALMCT-4-almlog-4', 23, 13);
INSERT INTO almacenareaxys VALUES (76, 1, 'L', 'RACK', 'ALMCT-4-almlog-4-X23Y4-X23Y21', 4, 4, 'ALMCT-4-almlog-4', 23, 14);
INSERT INTO almacenareaxys VALUES (77, 1, 'L', 'RACK', 'ALMCT-4-almlog-4-X23Y4-X23Y21', 4, 4, 'ALMCT-4-almlog-4', 23, 15);
INSERT INTO almacenareaxys VALUES (78, 1, 'L', 'RACK', 'ALMCT-4-almlog-4-X23Y4-X23Y21', 4, 4, 'ALMCT-4-almlog-4', 23, 16);
INSERT INTO almacenareaxys VALUES (79, 1, 'L', 'RACK', 'ALMCT-4-almlog-4-X23Y4-X23Y21', 4, 4, 'ALMCT-4-almlog-4', 23, 17);
INSERT INTO almacenareaxys VALUES (80, 1, 'L', 'RACK', 'ALMCT-4-almlog-4-X23Y4-X23Y21', 4, 4, 'ALMCT-4-almlog-4', 23, 18);
INSERT INTO almacenareaxys VALUES (81, 1, 'L', 'RACK', 'ALMCT-4-almlog-4-X23Y4-X23Y21', 4, 4, 'ALMCT-4-almlog-4', 23, 19);
INSERT INTO almacenareaxys VALUES (82, 1, 'L', 'RACK', 'ALMCT-4-almlog-4-X23Y4-X23Y21', 4, 4, 'ALMCT-4-almlog-4', 23, 20);
INSERT INTO almacenareaxys VALUES (83, 1, 'L', 'RACK', 'ALMCT-4-almlog-4-X23Y4-X23Y21', 4, 4, 'ALMCT-4-almlog-4', 23, 21);
INSERT INTO almacenareaxys VALUES (84, 1, 'L', 'RACK', 'ALMCT-3-almlog-3-X1Y1-X14Y1', 5, 3, 'ALMCT-3-almlog-3', 1, 1);
INSERT INTO almacenareaxys VALUES (85, 1, 'L', 'RACK', 'ALMCT-3-almlog-3-X1Y1-X14Y1', 5, 3, 'ALMCT-3-almlog-3', 2, 1);
INSERT INTO almacenareaxys VALUES (86, 1, 'L', 'RACK', 'ALMCT-3-almlog-3-X1Y1-X14Y1', 5, 3, 'ALMCT-3-almlog-3', 3, 1);
INSERT INTO almacenareaxys VALUES (87, 1, 'L', 'RACK', 'ALMCT-3-almlog-3-X1Y1-X14Y1', 5, 3, 'ALMCT-3-almlog-3', 4, 1);
INSERT INTO almacenareaxys VALUES (88, 1, 'L', 'RACK', 'ALMCT-3-almlog-3-X1Y1-X14Y1', 5, 3, 'ALMCT-3-almlog-3', 5, 1);
INSERT INTO almacenareaxys VALUES (89, 1, 'L', 'RACK', 'ALMCT-3-almlog-3-X1Y1-X14Y1', 5, 3, 'ALMCT-3-almlog-3', 6, 1);
INSERT INTO almacenareaxys VALUES (90, 1, 'L', 'RACK', 'ALMCT-3-almlog-3-X1Y1-X14Y1', 5, 3, 'ALMCT-3-almlog-3', 7, 1);
INSERT INTO almacenareaxys VALUES (91, 1, 'L', 'RACK', 'ALMCT-3-almlog-3-X1Y1-X14Y1', 5, 3, 'ALMCT-3-almlog-3', 8, 1);
INSERT INTO almacenareaxys VALUES (92, 1, 'L', 'RACK', 'ALMCT-3-almlog-3-X1Y1-X14Y1', 5, 3, 'ALMCT-3-almlog-3', 9, 1);
INSERT INTO almacenareaxys VALUES (93, 1, 'L', 'RACK', 'ALMCT-3-almlog-3-X1Y1-X14Y1', 5, 3, 'ALMCT-3-almlog-3', 10, 1);
INSERT INTO almacenareaxys VALUES (94, 1, 'L', 'RACK', 'ALMCT-3-almlog-3-X1Y1-X14Y1', 5, 3, 'ALMCT-3-almlog-3', 11, 1);
INSERT INTO almacenareaxys VALUES (95, 1, 'L', 'RACK', 'ALMCT-3-almlog-3-X1Y1-X14Y1', 5, 3, 'ALMCT-3-almlog-3', 12, 1);
INSERT INTO almacenareaxys VALUES (96, 1, 'L', 'RACK', 'ALMCT-3-almlog-3-X1Y1-X14Y1', 5, 3, 'ALMCT-3-almlog-3', 13, 1);
INSERT INTO almacenareaxys VALUES (97, 1, 'L', 'RACK', 'ALMCT-3-almlog-3-X1Y1-X14Y1', 5, 3, 'ALMCT-3-almlog-3', 14, 1);
INSERT INTO almacenareaxys VALUES (98, 1, 'L', 'RACK', 'ALMCT-2-almlog-2-X4Y26-X25Y26', 6, 2, 'ALMCT-2-almlog-2', 4, 26);
INSERT INTO almacenareaxys VALUES (99, 1, 'L', 'RACK', 'ALMCT-2-almlog-2-X4Y26-X25Y26', 6, 2, 'ALMCT-2-almlog-2', 5, 26);
INSERT INTO almacenareaxys VALUES (100, 1, 'L', 'RACK', 'ALMCT-2-almlog-2-X4Y26-X25Y26', 6, 2, 'ALMCT-2-almlog-2', 6, 26);
INSERT INTO almacenareaxys VALUES (101, 1, 'L', 'RACK', 'ALMCT-2-almlog-2-X4Y26-X25Y26', 6, 2, 'ALMCT-2-almlog-2', 7, 26);
INSERT INTO almacenareaxys VALUES (102, 1, 'L', 'RACK', 'ALMCT-2-almlog-2-X4Y26-X25Y26', 6, 2, 'ALMCT-2-almlog-2', 8, 26);
INSERT INTO almacenareaxys VALUES (103, 1, 'L', 'RACK', 'ALMCT-2-almlog-2-X4Y26-X25Y26', 6, 2, 'ALMCT-2-almlog-2', 9, 26);
INSERT INTO almacenareaxys VALUES (104, 1, 'L', 'RACK', 'ALMCT-2-almlog-2-X4Y26-X25Y26', 6, 2, 'ALMCT-2-almlog-2', 10, 26);
INSERT INTO almacenareaxys VALUES (105, 1, 'L', 'RACK', 'ALMCT-2-almlog-2-X4Y26-X25Y26', 6, 2, 'ALMCT-2-almlog-2', 11, 26);
INSERT INTO almacenareaxys VALUES (106, 1, 'L', 'RACK', 'ALMCT-2-almlog-2-X4Y26-X25Y26', 6, 2, 'ALMCT-2-almlog-2', 12, 26);
INSERT INTO almacenareaxys VALUES (107, 1, 'L', 'RACK', 'ALMCT-2-almlog-2-X4Y26-X25Y26', 6, 2, 'ALMCT-2-almlog-2', 13, 26);
INSERT INTO almacenareaxys VALUES (108, 1, 'L', 'RACK', 'ALMCT-2-almlog-2-X4Y26-X25Y26', 6, 2, 'ALMCT-2-almlog-2', 14, 26);
INSERT INTO almacenareaxys VALUES (109, 1, 'L', 'RACK', 'ALMCT-2-almlog-2-X4Y26-X25Y26', 6, 2, 'ALMCT-2-almlog-2', 15, 26);
INSERT INTO almacenareaxys VALUES (110, 1, 'L', 'RACK', 'ALMCT-2-almlog-2-X4Y26-X25Y26', 6, 2, 'ALMCT-2-almlog-2', 16, 26);
INSERT INTO almacenareaxys VALUES (111, 1, 'L', 'RACK', 'ALMCT-2-almlog-2-X4Y26-X25Y26', 6, 2, 'ALMCT-2-almlog-2', 17, 26);
INSERT INTO almacenareaxys VALUES (112, 1, 'L', 'RACK', 'ALMCT-2-almlog-2-X4Y26-X25Y26', 6, 2, 'ALMCT-2-almlog-2', 18, 26);
INSERT INTO almacenareaxys VALUES (113, 1, 'L', 'RACK', 'ALMCT-2-almlog-2-X4Y26-X25Y26', 6, 2, 'ALMCT-2-almlog-2', 19, 26);
INSERT INTO almacenareaxys VALUES (114, 1, 'L', 'RACK', 'ALMCT-2-almlog-2-X4Y26-X25Y26', 6, 2, 'ALMCT-2-almlog-2', 20, 26);
INSERT INTO almacenareaxys VALUES (115, 1, 'L', 'RACK', 'ALMCT-2-almlog-2-X4Y26-X25Y26', 6, 2, 'ALMCT-2-almlog-2', 21, 26);
INSERT INTO almacenareaxys VALUES (116, 1, 'L', 'RACK', 'ALMCT-2-almlog-2-X4Y26-X25Y26', 6, 2, 'ALMCT-2-almlog-2', 22, 26);
INSERT INTO almacenareaxys VALUES (117, 1, 'L', 'RACK', 'ALMCT-2-almlog-2-X4Y26-X25Y26', 6, 2, 'ALMCT-2-almlog-2', 23, 26);
INSERT INTO almacenareaxys VALUES (118, 1, 'L', 'RACK', 'ALMCT-2-almlog-2-X4Y26-X25Y26', 6, 2, 'ALMCT-2-almlog-2', 24, 26);
INSERT INTO almacenareaxys VALUES (119, 1, 'L', 'RACK', 'ALMCT-2-almlog-2-X4Y26-X25Y26', 6, 2, 'ALMCT-2-almlog-2', 25, 26);
INSERT INTO almacenareaxys VALUES (120, 1, 'L', 'RACK', 'ALMCT-2-almlog-2-X4Y4-X19Y4', 7, 2, 'ALMCT-2-almlog-2', 4, 4);
INSERT INTO almacenareaxys VALUES (121, 1, 'L', 'RACK', 'ALMCT-2-almlog-2-X4Y4-X19Y4', 7, 2, 'ALMCT-2-almlog-2', 5, 4);
INSERT INTO almacenareaxys VALUES (122, 1, 'L', 'RACK', 'ALMCT-2-almlog-2-X4Y4-X19Y4', 7, 2, 'ALMCT-2-almlog-2', 6, 4);
INSERT INTO almacenareaxys VALUES (123, 1, 'L', 'RACK', 'ALMCT-2-almlog-2-X4Y4-X19Y4', 7, 2, 'ALMCT-2-almlog-2', 7, 4);
INSERT INTO almacenareaxys VALUES (124, 1, 'L', 'RACK', 'ALMCT-2-almlog-2-X4Y4-X19Y4', 7, 2, 'ALMCT-2-almlog-2', 8, 4);
INSERT INTO almacenareaxys VALUES (125, 1, 'L', 'RACK', 'ALMCT-2-almlog-2-X4Y4-X19Y4', 7, 2, 'ALMCT-2-almlog-2', 9, 4);
INSERT INTO almacenareaxys VALUES (126, 1, 'L', 'RACK', 'ALMCT-2-almlog-2-X4Y4-X19Y4', 7, 2, 'ALMCT-2-almlog-2', 10, 4);
INSERT INTO almacenareaxys VALUES (127, 1, 'L', 'RACK', 'ALMCT-2-almlog-2-X4Y4-X19Y4', 7, 2, 'ALMCT-2-almlog-2', 11, 4);
INSERT INTO almacenareaxys VALUES (128, 1, 'L', 'RACK', 'ALMCT-2-almlog-2-X4Y4-X19Y4', 7, 2, 'ALMCT-2-almlog-2', 12, 4);
INSERT INTO almacenareaxys VALUES (129, 1, 'L', 'RACK', 'ALMCT-2-almlog-2-X4Y4-X19Y4', 7, 2, 'ALMCT-2-almlog-2', 13, 4);
INSERT INTO almacenareaxys VALUES (130, 1, 'L', 'RACK', 'ALMCT-2-almlog-2-X4Y4-X19Y4', 7, 2, 'ALMCT-2-almlog-2', 14, 4);
INSERT INTO almacenareaxys VALUES (131, 1, 'L', 'RACK', 'ALMCT-2-almlog-2-X4Y4-X19Y4', 7, 2, 'ALMCT-2-almlog-2', 15, 4);
INSERT INTO almacenareaxys VALUES (132, 1, 'L', 'RACK', 'ALMCT-2-almlog-2-X4Y4-X19Y4', 7, 2, 'ALMCT-2-almlog-2', 16, 4);
INSERT INTO almacenareaxys VALUES (133, 1, 'L', 'RACK', 'ALMCT-2-almlog-2-X4Y4-X19Y4', 7, 2, 'ALMCT-2-almlog-2', 17, 4);
INSERT INTO almacenareaxys VALUES (134, 1, 'L', 'RACK', 'ALMCT-2-almlog-2-X4Y4-X19Y4', 7, 2, 'ALMCT-2-almlog-2', 18, 4);
INSERT INTO almacenareaxys VALUES (135, 1, 'L', 'RACK', 'ALMCT-2-almlog-2-X4Y4-X19Y4', 7, 2, 'ALMCT-2-almlog-2', 19, 4);
INSERT INTO almacenareazs VALUES (1, 1, 100.00, 0, 'L', 100.00);
INSERT INTO almacenareazs VALUES (2, 1, 100.00, 1, 'L', 100.00);
INSERT INTO almacenareazs VALUES (3, 2, 100.00, 0, 'L', 100.00);
INSERT INTO almacenareazs VALUES (4, 2, 100.00, 1, 'L', 100.00);
INSERT INTO almacenareazs VALUES (5, 3, 100.00, 0, 'L', 100.00);
INSERT INTO almacenareazs VALUES (6, 3, 100.00, 1, 'L', 100.00);
INSERT INTO almacenareazs VALUES (7, 4, 100.00, 0, 'L', 100.00);
INSERT INTO almacenareazs VALUES (8, 4, 100.00, 1, 'L', 100.00);
INSERT INTO almacenareazs VALUES (9, 5, 100.00, 0, 'L', 100.00);
INSERT INTO almacenareazs VALUES (11, 6, 100.00, 0, 'L', 100.00);
INSERT INTO almacenareazs VALUES (12, 6, 100.00, 1, 'L', 100.00);
INSERT INTO almacenareazs VALUES (13, 7, 100.00, 0, 'L', 100.00);
INSERT INTO almacenareazs VALUES (14, 7, 100.00, 1, 'L', 100.00);
INSERT INTO almacenareazs VALUES (15, 8, 100.00, 0, 'L', 100.00);
INSERT INTO almacenareazs VALUES (16, 8, 100.00, 1, 'L', 100.00);
INSERT INTO almacenareazs VALUES (17, 9, 100.00, 0, 'L', 100.00);
INSERT INTO almacenareazs VALUES (18, 9, 100.00, 1, 'L', 100.00);
INSERT INTO almacenareazs VALUES (19, 10, 100.00, 0, 'L', 100.00);
INSERT INTO almacenareazs VALUES (20, 10, 100.00, 1, 'L', 100.00);
INSERT INTO almacenareazs VALUES (21, 11, 100.00, 0, 'L', 100.00);
INSERT INTO almacenareazs VALUES (22, 11, 100.00, 1, 'L', 100.00);
INSERT INTO almacenareazs VALUES (23, 12, 100.00, 0, 'L', 100.00);
INSERT INTO almacenareazs VALUES (24, 12, 100.00, 1, 'L', 100.00);
INSERT INTO almacenareazs VALUES (25, 13, 100.00, 0, 'L', 100.00);
INSERT INTO almacenareazs VALUES (26, 13, 100.00, 1, 'L', 100.00);
INSERT INTO almacenareazs VALUES (27, 14, 100.00, 0, 'L', 100.00);
INSERT INTO almacenareazs VALUES (28, 14, 100.00, 1, 'L', 100.00);
INSERT INTO almacenareazs VALUES (29, 15, 100.00, 0, 'L', 100.00);
INSERT INTO almacenareazs VALUES (30, 15, 100.00, 1, 'L', 100.00);
INSERT INTO almacenareazs VALUES (31, 16, 100.00, 0, 'L', 100.00);
INSERT INTO almacenareazs VALUES (32, 16, 100.00, 1, 'L', 100.00);
INSERT INTO almacenareazs VALUES (33, 17, 100.00, 0, 'L', 100.00);
INSERT INTO almacenareazs VALUES (34, 17, 100.00, 1, 'L', 100.00);
INSERT INTO almacenareazs VALUES (35, 18, 100.00, 0, 'L', 100.00);
INSERT INTO almacenareazs VALUES (37, 19, 100.00, 0, 'L', 100.00);
INSERT INTO almacenareazs VALUES (39, 20, 100.00, 0, 'L', 100.00);
INSERT INTO almacenareazs VALUES (40, 20, 100.00, 1, 'L', 100.00);
INSERT INTO almacenareazs VALUES (41, 21, 100.00, 0, 'L', 100.00);
INSERT INTO almacenareazs VALUES (42, 21, 100.00, 1, 'L', 100.00);
INSERT INTO almacenareazs VALUES (44, 23, 100.00, 0, 'L', 100.00);
INSERT INTO almacenareazs VALUES (45, 24, 100.00, 0, 'L', 100.00);
INSERT INTO almacenareazs VALUES (46, 25, 100.00, 0, 'L', 100.00);
INSERT INTO almacenareazs VALUES (47, 26, 100.00, 0, 'L', 100.00);
INSERT INTO almacenareazs VALUES (49, 28, 100.00, 0, 'L', 100.00);
INSERT INTO almacenareazs VALUES (50, 29, 100.00, 0, 'L', 100.00);
INSERT INTO almacenareazs VALUES (51, 30, 100.00, 0, 'L', 100.00);
INSERT INTO almacenareazs VALUES (52, 31, 100.00, 0, 'L', 100.00);
INSERT INTO almacenareazs VALUES (53, 32, 100.00, 0, 'L', 100.00);
INSERT INTO almacenareazs VALUES (54, 33, 100.00, 0, 'L', 100.00);
INSERT INTO almacenareazs VALUES (55, 34, 100.00, 0, 'L', 100.00);
INSERT INTO almacenareazs VALUES (56, 35, 100.00, 0, 'L', 100.00);
INSERT INTO almacenareazs VALUES (57, 36, 100.00, 0, 'L', 100.00);
INSERT INTO almacenareazs VALUES (58, 37, 100.00, 0, 'L', 100.00);
INSERT INTO almacenareazs VALUES (59, 38, 100.00, 0, 'L', 100.00);
INSERT INTO almacenareazs VALUES (60, 39, 100.00, 0, 'L', 100.00);
INSERT INTO almacenareazs VALUES (61, 40, 100.00, 0, 'L', 100.00);
INSERT INTO almacenareazs VALUES (62, 41, 100.00, 0, 'L', 100.00);
INSERT INTO almacenareazs VALUES (63, 42, 100.00, 0, 'L', 100.00);
INSERT INTO almacenareazs VALUES (64, 43, 100.00, 0, 'L', 100.00);
INSERT INTO almacenareazs VALUES (65, 44, 100.00, 0, 'L', 100.00);
INSERT INTO almacenareazs VALUES (66, 45, 100.00, 0, 'L', 100.00);
INSERT INTO almacenareazs VALUES (67, 46, 100.00, 0, 'L', 100.00);
INSERT INTO almacenareazs VALUES (68, 47, 100.00, 0, 'L', 100.00);
INSERT INTO almacenareazs VALUES (70, 49, 100.00, 0, 'L', 100.00);
INSERT INTO almacenareazs VALUES (71, 50, 100.00, 0, 'L', 100.00);
INSERT INTO almacenareazs VALUES (72, 51, 100.00, 0, 'L', 100.00);
INSERT INTO almacenareazs VALUES (73, 52, 100.00, 0, 'L', 100.00);
INSERT INTO almacenareazs VALUES (74, 53, 100.00, 0, 'L', 100.00);
INSERT INTO almacenareazs VALUES (79, 58, 100.00, 0, 'L', 100.00);
INSERT INTO almacenareazs VALUES (80, 59, 100.00, 0, 'L', 100.00);
INSERT INTO almacenareazs VALUES (81, 60, 100.00, 0, 'L', 100.00);
INSERT INTO almacenareazs VALUES (83, 62, 100.00, 0, 'L', 100.00);
INSERT INTO almacenareazs VALUES (84, 63, 100.00, 0, 'L', 100.00);
INSERT INTO almacenareazs VALUES (86, 65, 100.00, 0, 'L', 100.00);
INSERT INTO almacenareazs VALUES (88, 67, 100.00, 0, 'L', 100.00);
INSERT INTO almacenareazs VALUES (89, 68, 100.00, 0, 'L', 100.00);
INSERT INTO almacenareazs VALUES (90, 69, 100.00, 0, 'L', 100.00);
INSERT INTO almacenareazs VALUES (93, 72, 100.00, 0, 'L', 100.00);
INSERT INTO almacenareazs VALUES (94, 73, 100.00, 0, 'L', 100.00);
INSERT INTO almacenareazs VALUES (95, 74, 100.00, 0, 'L', 100.00);
INSERT INTO almacenareazs VALUES (96, 75, 100.00, 0, 'L', 100.00);
INSERT INTO almacenareazs VALUES (97, 76, 100.00, 0, 'L', 100.00);
INSERT INTO almacenareazs VALUES (99, 78, 100.00, 0, 'L', 100.00);
INSERT INTO almacenareazs VALUES (100, 79, 100.00, 0, 'L', 100.00);
INSERT INTO almacenareazs VALUES (101, 80, 100.00, 0, 'L', 100.00);
INSERT INTO almacenareazs VALUES (102, 81, 100.00, 0, 'L', 100.00);
INSERT INTO almacenareazs VALUES (103, 82, 100.00, 0, 'L', 100.00);
INSERT INTO almacenareazs VALUES (104, 83, 100.00, 0, 'L', 100.00);
INSERT INTO almacenareazs VALUES (105, 84, 100.00, 0, 'L', 100.00);
INSERT INTO almacenareazs VALUES (106, 85, 100.00, 0, 'L', 100.00);
INSERT INTO almacenareazs VALUES (107, 86, 100.00, 0, 'L', 100.00);
INSERT INTO almacenareazs VALUES (108, 87, 100.00, 0, 'L', 100.00);
INSERT INTO almacenareazs VALUES (110, 89, 100.00, 0, 'L', 100.00);
INSERT INTO almacenareazs VALUES (111, 90, 100.00, 0, 'L', 100.00);
INSERT INTO almacenareazs VALUES (112, 91, 100.00, 0, 'L', 100.00);
INSERT INTO almacenareazs VALUES (113, 92, 100.00, 0, 'L', 100.00);
INSERT INTO almacenareazs VALUES (114, 93, 100.00, 0, 'L', 100.00);
INSERT INTO almacenareazs VALUES (115, 94, 100.00, 0, 'L', 100.00);
INSERT INTO almacenareazs VALUES (116, 95, 100.00, 0, 'L', 100.00);
INSERT INTO almacenareazs VALUES (117, 96, 100.00, 0, 'L', 100.00);
INSERT INTO almacenareazs VALUES (119, 98, 100.00, 0, 'L', 100.00);
INSERT INTO almacenareazs VALUES (120, 99, 100.00, 0, 'L', 100.00);
INSERT INTO almacenareazs VALUES (121, 100, 100.00, 0, 'L', 100.00);
INSERT INTO almacenareazs VALUES (123, 102, 100.00, 0, 'L', 100.00);
INSERT INTO almacenareazs VALUES (124, 103, 100.00, 0, 'L', 100.00);
INSERT INTO almacenareazs VALUES (125, 104, 100.00, 0, 'L', 100.00);
INSERT INTO almacenareazs VALUES (126, 105, 100.00, 0, 'L', 100.00);
INSERT INTO almacenareazs VALUES (127, 106, 100.00, 0, 'L', 100.00);
INSERT INTO almacenareazs VALUES (128, 107, 100.00, 0, 'L', 100.00);
INSERT INTO almacenareazs VALUES (129, 108, 100.00, 0, 'L', 100.00);
INSERT INTO almacenareazs VALUES (130, 109, 100.00, 0, 'L', 100.00);
INSERT INTO almacenareazs VALUES (131, 110, 100.00, 0, 'L', 100.00);
INSERT INTO almacenareazs VALUES (132, 111, 100.00, 0, 'L', 100.00);
INSERT INTO almacenareazs VALUES (133, 112, 100.00, 0, 'L', 100.00);
INSERT INTO almacenareazs VALUES (134, 113, 100.00, 0, 'L', 100.00);
INSERT INTO almacenareazs VALUES (135, 114, 100.00, 0, 'L', 100.00);
INSERT INTO almacenareazs VALUES (136, 115, 100.00, 0, 'L', 100.00);
INSERT INTO almacenareazs VALUES (91, 70, 75.00, 0, 'L', 100.00);
INSERT INTO almacenareazs VALUES (48, 27, 75.00, 0, 'L', 100.00);
INSERT INTO almacenareazs VALUES (10, 5, 75.00, 1, 'L', 100.00);
INSERT INTO almacenareazs VALUES (36, 18, 75.00, 1, 'L', 100.00);
INSERT INTO almacenareazs VALUES (85, 64, 75.00, 0, 'L', 100.00);
INSERT INTO almacenareazs VALUES (82, 61, 75.00, 0, 'L', 100.00);
INSERT INTO almacenareazs VALUES (69, 48, 75.00, 0, 'L', 100.00);
INSERT INTO almacenareazs VALUES (118, 97, 75.00, 0, 'L', 100.00);
INSERT INTO almacenareazs VALUES (137, 116, 100.00, 0, 'L', 100.00);
INSERT INTO almacenareazs VALUES (138, 117, 100.00, 0, 'L', 100.00);
INSERT INTO almacenareazs VALUES (140, 119, 100.00, 0, 'L', 100.00);
INSERT INTO almacenareazs VALUES (77, 56, 75.00, 0, 'L', 100.00);
INSERT INTO almacenareazs VALUES (109, 88, 75.00, 0, 'L', 100.00);
INSERT INTO almacenareazs VALUES (98, 77, 80.00, 0, 'L', 100.00);
INSERT INTO almacenareazs VALUES (38, 19, 97.00, 1, 'L', 100.00);
INSERT INTO almacenareazs VALUES (92, 71, 95.00, 0, 'L', 100.00);
INSERT INTO almacenareazs VALUES (43, 22, 70.00, 0, 'L', 100.00);
INSERT INTO almacenareazs VALUES (122, 101, 75.00, 0, 'L', 100.00);
INSERT INTO almacenareazs VALUES (142, 121, 100.00, 0, 'L', 100.00);
INSERT INTO almacenareazs VALUES (143, 122, 100.00, 0, 'L', 100.00);
INSERT INTO almacenareazs VALUES (144, 123, 100.00, 0, 'L', 100.00);
INSERT INTO almacenareazs VALUES (145, 124, 100.00, 0, 'L', 100.00);
INSERT INTO almacenareazs VALUES (146, 125, 100.00, 0, 'L', 100.00);
INSERT INTO almacenareazs VALUES (147, 126, 100.00, 0, 'L', 100.00);
INSERT INTO almacenareazs VALUES (148, 127, 100.00, 0, 'L', 100.00);
INSERT INTO almacenareazs VALUES (149, 128, 100.00, 0, 'L', 100.00);
INSERT INTO almacenareazs VALUES (150, 129, 100.00, 0, 'L', 100.00);
INSERT INTO almacenareazs VALUES (151, 130, 100.00, 0, 'L', 100.00);
INSERT INTO almacenareazs VALUES (152, 131, 100.00, 0, 'L', 100.00);
INSERT INTO almacenareazs VALUES (153, 132, 100.00, 0, 'L', 100.00);
INSERT INTO almacenareazs VALUES (154, 133, 100.00, 0, 'L', 100.00);
INSERT INTO almacenareazs VALUES (155, 134, 100.00, 0, 'L', 100.00);
INSERT INTO almacenareazs VALUES (156, 135, 100.00, 0, 'L', 100.00);
INSERT INTO almacenareazs VALUES (141, 120, 95.00, 0, 'L', 100.00);
INSERT INTO almacenareazs VALUES (75, 54, 77.00, 0, 'L', 100.00);
INSERT INTO almacenareazs VALUES (76, 55, 77.00, 0, 'L', 100.00);
INSERT INTO almacenareazs VALUES (78, 57, 80.00, 0, 'L', 100.00);
INSERT INTO almacenareazs VALUES (139, 118, 80.00, 0, 'L', 100.00);
INSERT INTO almacenareazs VALUES (87, 66, 75.00, 0, 'L', 100.00);
INSERT INTO promociones VALUES ('DOSXUNO', 1, '2017-10-29', '2017-11-16', 1, 'N', 'ACTIVO', 'CANTIDAD', 1, NULL, NULL, 'HMR2');
INSERT INTO promociones VALUES ('PRMNOV', 2, '2017-11-11', '2017-11-30', 1, 'N', 'ACTIVO', 'BONIFICACIÓN', 4, NULL, NULL, 'TMC14');
INSERT INTO promociones VALUES ('PRM001', 3, '2017-11-01', '2017-11-30', 1, 'N', 'ACTIVO', 'CANTIDAD', 4, NULL, NULL, 'TMC14');
INSERT INTO promocionbonificaciones VALUES ('PRMNOV', 2, 1.00, 1.00, 'N', NULL, NULL, 3, 'ESCT13');
INSERT INTO promocioncantidades VALUES ('DOSXUNO', 1, 1.00, 2.00);
INSERT INTO promocioncantidades VALUES ('PRM001', 3, 1.00, 2.00);
INSERT INTO proveedores VALUES ('4555454', 1, 'Scotiabank', 'Luis', '45454545', 'admin', '2017-11-14', '1', 'ACTIVO', 'Lecompramos');
INSERT INTO proveedores VALUES ('45698732115', 2, 'SODIMACSAC.', 'JimDoe', '987546231', 'admin', '2017-11-14', '1', 'ACTIVO', 'Ferreteria');
INSERT INTO proveedores VALUES ('20384637465', 3, 'Interbank SAC', 'Juan Perez Gomez', '5623423', 'admin', '2017-11-14', '1', 'ACTIVO', 'Esta anotacion tiene mucho sentido');
INSERT INTO proveedores VALUES ('20484758383', 4, 'Scotiabank SA', 'Luis Castro Peralta', '4325426', 'admin', '2017-11-14', '1', 'ACTIVO', 'Esta anotacion no tiene tanto sentido como la anterior');
INSERT INTO proveedores VALUES ('10234532452', 5, 'Pedro Ruiz Gallo', 'Pancho Fernandez', '3490447', 'admin', '2017-11-14', '1', 'ACTIVO', 'Cuestionemos mucho el sentido de esta anotacion');
INSERT INTO proveedores VALUES ('10546246248', 6, 'Antonio Ruiz Montoya', 'Fernando Alarcon', '6348375', 'admin', '2017-11-14', '1', 'ACTIVO', 'Esta anotacion no tiene nada de sentido');
INSERT INTO clientes VALUES (1, 'JuanPerez', '', 4765515, '', '12345678', 'admin', '2017-11-14', '1', 'ACTIVO', 'PersonaNatural', 'ChevyChase,MD20815', '514S.MagnoliaSt.Orlando,FL32806', 'Lima');
INSERT INTO clientes VALUES (2, 'PedroGomez', '', 987456321, '98765412320', '65431246', 'admin', '2017-11-14', '1', 'ACTIVO', 'PersonaNatural', 'Jr.Puno1342,CercadodeLima', 'Jr.Puno1342,CercadodeLima', 'Lima');
INSERT INTO clientes VALUES (3, 'Rick Sanchez', '', 4548, '12', '12345678', 'admin', '2017-11-14', '1', 'ACTIVO', 'PersonaNatural', 'dsa', 'dsadsa', 'Callao');
INSERT INTO clientes VALUES (4, 'Interbank SAC', 'Juan Perez Gomez', 5623423, '2038463746573', '78274657', 'admin', '2017-11-14', '1', 'ACTIVO', 'PersonaJuridica', 'Av. Paseo de la Republica 5311', 'Av. Paseo de la Republica 5311', 'Lima');
INSERT INTO clientes VALUES (5, 'Scotiabank SA', 'Luis Castro Perakta', 4325426, '2048475838342', '79462783', 'admin', '2017-11-14', '1', 'ACTIVO', 'PersonaJuridica', 'Av. Caminos del Inca 1203', 'Av. Argentina 2012', 'Lima');
INSERT INTO clientes VALUES (6, 'Pedro Ruiz Gallo', '', 3490447, '1023453245213', '72847356', 'admin', '2017-11-14', '1', 'ACTIVO', 'PersonaNatural', 'Av. Siempre Viva 212', 'Av. Siempre Viva 212', 'La Libertad');
INSERT INTO clientes VALUES (7, 'Antonio Ruiz Montoya', '', 6348375, '1054624624864', '74838582', 'admin', '2017-11-14', '1', 'ACTIVO', 'PersonaNatural', 'Av. Arequipa Nuestra 2153', 'Av. Arequipa Nuestra 2160', 'Arequipa');
INSERT INTO ordenesentrada VALUES ('CPR2', 1, '2017-11-13', 'admin', '2017-11-14', '1', 'Parcial', 'CompramosStuff!', 'Compra', '4555454', 1, NULL, NULL, NULL);
INSERT INTO ordenesentrada VALUES ('CPR2', 2, '2017-11-13', 'admin', '2017-11-14', '1', 'Parcial', 'dasd', 'Compra', '4555454', 1, NULL, NULL, NULL);
INSERT INTO ordenesentrada VALUES ('ENC3', 3, '2017-11-21', 'admin', '2017-11-14', '1', 'Parcial', 'sdfsf', 'Encuentro', NULL, NULL, NULL, NULL, NULL);
INSERT INTO ordenesentrada VALUES ('DEV4', 4, '2017-11-13', 'admin', '2017-11-14', '1', 'Pendiente', 'sedevolviomuchascosas', 'Devolucion', NULL, NULL, 'VT2', 1, 9);
INSERT INTO ordenesentrada VALUES ('CPR5', 5, '2017-11-13', 'admin', '2017-11-14', '1', 'Completa', 'Adquisiciondeescritorios', 'Compra', '45698732115', 2, NULL, NULL, NULL);
INSERT INTO ordenesentrada VALUES ('CPR6', 6, '2017-11-13', 'admin', '2017-11-14', '1', 'Completa', 'TomaCorrientes', 'Compra', '45698732115', 2, NULL, NULL, NULL);
INSERT INTO ordenesentrada VALUES ('DEV9', 9, '2017-11-15', 'admin', '2017-11-14', '2', 'Parcial', 'No me gusta', 'Devolucion', NULL, NULL, 'DOC11', 3, 11);
INSERT INTO ordenesentrada VALUES ('CPR10', 10, '2017-11-15', 'admin', '2017-11-14', '2', 'Parcial', 'vcv', 'Compra', '20384637465', 3, NULL, NULL, NULL);
INSERT INTO ordenesentrada VALUES ('CPR11', 11, '2017-11-15', 'admin', '2017-11-14', '2', 'Parcial', '', 'Compra', '20384637465', 3, NULL, NULL, NULL);
INSERT INTO ordenesentradaxproductos VALUES (1, 'CPR2', 'HMR2', 1, 'ACTIVO', 10, 'S');
INSERT INTO ordenesentradaxproductos VALUES (2, 'CPR2', 'LAP2', 2, 'ACTIVO', 1, 'S');
INSERT INTO ordenesentradaxproductos VALUES (3, 'ENC3', 'LAP2', 2, 'ACTIVO', 5, 'S');
INSERT INTO ordenesentradaxproductos VALUES (4, 'DEV4', 'HMR2', 1, 'ACTIVO', 2, 'N');
INSERT INTO ordenesentradaxproductos VALUES (5, 'CPR5', 'ESCT13', 3, 'ACTIVO', 5, 'S');
INSERT INTO ordenesentradaxproductos VALUES (6, 'CPR6', 'TMC14', 4, 'ACTIVO', 5, 'S');
INSERT INTO ordenesentradaxproductos VALUES (9, 'DEV9', 'ESCT13', 3, 'ACTIVO', 2, 'S');
INSERT INTO ordenesentradaxproductos VALUES (10, 'CPR10', 'SER5', 5, 'ACTIVO', 10, 'S');
INSERT INTO ordenesentradaxproductos VALUES (11, 'CPR11', 'SER5', 5, 'ACTIVO', 5, 'S');
INSERT INTO ordenesentradaxproductos VALUES (11, 'CPR11', 'ENCH6', 6, 'ACTIVO', 5, 'S');
INSERT INTO cotizaciones VALUES ('PROF2', 1, 1, '2017-11-13', 'CONPEDIDO', 100.00, 'admin', '2017-11-14', '1', 1, 18.00);
INSERT INTO cotizaciones VALUES ('PROF2', 3, 2, '2017-11-15', 'CONPEDIDO', 360.00, 'admin', '2017-11-14', '2', 1, 64.80);
INSERT INTO cotizaciones VALUES ('PROF3', 3, 3, '2017-11-15', 'CONPEDIDO', 250.00, 'admin', '2017-11-14', '2', 1, 45.00);
INSERT INTO cotizaciones VALUES ('PROF4', 2, 4, '2017-11-22', 'CONPEDIDO', 100.00, 'admin', '2017-11-14', '2', 1, 18.00);
INSERT INTO cotizacionxproductos VALUES (1, 1, 'PROF2', 1, 'HMR2', 10.00, 200.00, 100.00, 20.00, 100.00, 0.00, 0.00);
INSERT INTO cotizacionxproductos VALUES (3, 3, 'PROF2', 2, 'ESCT13', 3.00, 360.00, 360.00, 120.00, 0.00, 0.00, 1.00);
INSERT INTO cotizacionxproductos VALUES (4, 3, 'PROF2', 2, 'TMC14', 2.00, 20.00, 0.00, 10.00, 20.00, 0.00, 0.00);
INSERT INTO cotizacionxproductos VALUES (5, 3, 'PROF3', 3, 'SER5', 10.00, 250.00, 250.00, 25.00, 0.00, 0.00, 10.00);
INSERT INTO cotizacionxproductos VALUES (6, 2, 'PROF4', 4, 'ENCH6', 5.00, 100.00, 100.00, 20.00, 0.00, 0.00, 5.00);
INSERT INTO ordenescompra VALUES ('PED3', 1, 3, '2017-11-13', 100, 'admin', '2017-11-14', '1', 'admin', 1, 1, NULL, 1, 100.00, 'ENDESPACHO', 'ChevyChase,MD20815', '514S.MagnoliaSt.Orlando,FL32806', 'Lima', 'BOLETA');
INSERT INTO ordenescompra VALUES ('PED4', 1, 4, '2017-11-13', 10, 'admin', '2017-11-14', '1', 'admin', 1, 1, NULL, NULL, 10.00, 'ENDESPACHO', 'ChevyChase,MD20815', '514S.MagnoliaSt.Orlando,FL32806', 'Lima', 'BOLETA');
INSERT INTO ordenescompra VALUES ('PED5', 1, 5, '2017-11-13', 60, 'admin', '2017-11-14', '1', 'admin', 1, 1, NULL, NULL, 60.00, 'PENDIENTE', 'ChevyChase,MD20815', '514S.MagnoliaSt.Orlando,FL32806', 'Lima', 'BOLETA');
INSERT INTO ordenescompra VALUES ('PED7', 3, 7, '2017-11-15', 360, 'admin', '2017-11-14', '2', 'admin', 1, 1, NULL, 2, 64.80, 'ENDESPACHO', 'dsa', 'dsadsa', 'Callao', 'BOLETA');
INSERT INTO ordenescompra VALUES ('PED8', 3, 8, '2017-11-15', 250, 'admin', '2017-11-14', '2', 'admin', 1, 1, NULL, 3, 45.00, 'ENDESPACHO', 'dsa', 'dsadsa', 'Callao', 'BOLETA');
INSERT INTO ordenescompra VALUES ('PED9', 2, 9, '2017-11-22', 100, 'admin', '2017-11-14', '2', 'admin', 1, 1, NULL, 4, 18.00, 'ENDESPACHO', 'Jr.Puno1342,CercadodeLima', 'Jr.Puno1342,CercadodeLima', 'Lima', 'BOLETA');
INSERT INTO ordenescompraxproductos VALUES (1, 1, 3, 'PED3', 'HMR2', 10.00, 200.00, 100.00, 20.00, 100.00, 0.00, 0.00, 'S', 0.00);
INSERT INTO ordenescompraxproductos VALUES (2, 1, 4, 'PED4', 'LAP2', 1.00, 10.00, 10.00, 10.00, 0.00, 0.00, 1.00, 'S', 0.00);
INSERT INTO ordenescompraxproductos VALUES (1, 1, 5, 'PED5', 'HMR2', 6.00, 120.00, 60.00, 20.00, 60.00, 0.00, 0.00, 'N', 6.00);
INSERT INTO ordenescompraxproductos VALUES (3, 3, 7, 'PED7', 'ESCT13', 3.00, 360.00, 360.00, 120.00, 0.00, 0.00, 1.00, 'S', 0.00);
INSERT INTO ordenescompraxproductos VALUES (4, 3, 7, 'PED7', 'TMC14', 2.00, 20.00, 0.00, 10.00, 20.00, 0.00, 0.00, 'S', 0.00);
INSERT INTO ordenescompraxproductos VALUES (5, 3, 8, 'PED8', 'SER5', 10.00, 250.00, 250.00, 25.00, 0.00, 0.00, 10.00, 'S', 0.00);
INSERT INTO ordenescompraxproductos VALUES (6, 2, 9, 'PED9', 'ENCH6', 5.00, 100.00, 100.00, 20.00, 0.00, 0.00, 5.00, 'S', 0.00);
INSERT INTO envios VALUES (1, 'ENVPED3', 'PED3', 1, 3, 'ENPROCESO', 'admin', '1', '2017-11-14');
INSERT INTO envios VALUES (2, 'ENVPED3', 'PED3', 1, 3, 'ENPROCESO', 'admin', '1', '2017-11-14');
INSERT INTO envios VALUES (3, 'ENVPED4', 'PED4', 1, 4, 'ENPROCESO', 'admin', '1', '2017-11-14');
INSERT INTO envios VALUES (6, 'ENVPED7', 'PED7', 3, 7, 'COMPLETA', 'admin', '2', '2017-11-14');
INSERT INTO envios VALUES (5, 'ENVPED7', 'PED7', 3, 7, 'COMPLETA', 'admin', '2', '2017-11-14');
INSERT INTO envios VALUES (7, 'ENV7PED8', 'PED8', 3, 8, 'COMPLETA', 'admin', '2', '2017-11-14');
INSERT INTO envios VALUES (8, 'ENV8PED9', 'PED9', 2, 9, 'COMPLETA', 'admin', '2', '2017-11-14');
INSERT INTO ordenescompraxproductosxenvio VALUES ('PED3', 1, 3, 1, 'HMR2', 1, 'ENVPED3', 6.00, 6.00);
INSERT INTO ordenescompraxproductosxenvio VALUES ('PED3', 1, 3, 1, 'HMR2', 2, 'ENVPED3', 4.00, 4.00);
INSERT INTO ordenescompraxproductosxenvio VALUES ('PED4', 1, 4, 2, 'LAP2', 3, 'ENVPED4', 1.00, 1.00);
INSERT INTO ordenescompraxproductosxenvio VALUES ('PED7', 3, 7, 4, 'TMC14', 6, 'ENVPED7', 2.00, 2.00);
INSERT INTO ordenescompraxproductosxenvio VALUES ('PED7', 3, 7, 3, 'ESCT13', 5, 'ENVPED7', 3.00, 1.00);
INSERT INTO ordenescompraxproductosxenvio VALUES ('PED8', 3, 8, 5, 'SER5', 7, 'ENV7PED8', 10.00, 10.00);
INSERT INTO ordenescompraxproductosxenvio VALUES ('PED9', 2, 9, 6, 'ENCH6', 8, 'ENV8PED9', 5.00, 5.00);
INSERT INTO guiasremision VALUES (2, 'GR1', 3, 'ENVPED4', 'PED4', 1, 4, 'PENDIENTE', 'admin', '1', '2017-11-14', '2017-11-15', 'MX123', 'Datsun', 'pucprivaaguero', 'pucpcentrolima');
INSERT INTO guiasremision VALUES (3, 'GR2', 1, 'ENVPED3', 'PED3', 1, 3, 'ENPROCESO', 'admin', '1', '2017-11-14', '2017-11-17', 'MRF123', 'Toyota', 'casa1', 'casa2');
INSERT INTO guiasremision VALUES (6, 'fdsf', 6, 'ENVPED7', 'PED7', 3, 7, 'ENPROCESO', 'admin', '1', '2017-11-14', '2017-11-14', 'fdsf', 'fdsf', 'fdsf', 'fdsf');
INSERT INTO guiasremision VALUES (7, 'dsad', 5, 'ENVPED7', 'PED7', 3, 7, 'COMPLETA', 'admin', '2', '2017-11-14', '2017-11-15', 'dsa', 'dsa', 'dsa', 'dsa');
INSERT INTO guiasremision VALUES (8, 'GUIA', 7, 'ENV7PED8', 'PED8', 3, 8, 'COMPLETA', 'admin', '2', '2017-11-14', '2017-11-06', 'dsa', 'dsad', 'dsad', 'dsad');
INSERT INTO guiasremision VALUES (9, 'dsad', 8, 'ENV8PED9', 'PED9', 2, 9, 'COMPLETA', 'admin', '2', '2017-11-14', '2017-11-15', 'dsad', 'dsad', 'dsa', 'dsad');
INSERT INTO docventas VALUES ('VT1', 1, 8, 'PENDIENTE', 'admin', '1', '2017-11-15', 3, 'GR2', 'BOLETA', '2017-11-14');
INSERT INTO docventas VALUES ('VT2', 1, 9, 'PENDIENTE', 'admin', '1', '2017-11-15', 3, 'GR2', 'BOLETA', '2017-11-14');
INSERT INTO docventas VALUES ('VT2', 1, 10, 'PENDIENTE', 'admin', '1', '2017-11-15', 3, 'GR2', 'BOLETA', '2017-11-14');
INSERT INTO docventas VALUES ('DOC11', 3, 11, 'PENDIENTE', 'admin', '1', '2017-11-15', 7, 'dsad', 'BOLETA', '2017-11-14');
INSERT INTO docventas VALUES ('DOC12', 3, 12, 'PENDIENTE', 'admin', '1', '2017-11-13', 8, 'GUIA', 'BOLETA', '2017-11-14');
INSERT INTO docventas VALUES ('DOC13', 2, 13, 'PENDIENTE', 'admin', '1', '2017-11-15', 9, 'dsad', 'BOLETA', '2017-11-14');
INSERT INTO lotes VALUES ('LOT2', 1, '2017-11-13', '4555454', 1);
INSERT INTO lotes VALUES ('LOT2', 2, '2017-11-13', '4555454', 1);
INSERT INTO lotes VALUES ('LOT3', 3, '2017-11-13', '45698732115', 2);
INSERT INTO lotes VALUES ('LOT4', 4, '2017-11-13', '45698732115', 2);
INSERT INTO lotes VALUES ('LOT5', 5, '2017-11-14', '20384637465', 3);
INSERT INTO lotes VALUES ('LOT6', 6, '2017-11-14', '20384637465', 3);
INSERT INTO notascredito VALUES ('NCDEV9', 3, 4, 'admin', '2017-11-14', '1', 'No me gusta', '2017-11-15', 9, 'DEV9');
INSERT INTO ordenessalida VALUES ('ORD1', 1, 'COMPLETA', 'admin', '2017-11-14', '1', 'test', 1, 'TestORD', 'Venta');
INSERT INTO ordenessalida VALUES ('ORDD', 2, 'COMPLETA', 'admin', '2017-11-14', '1', 'test', 1, 'dfsf', 'Venta');
INSERT INTO ordenessalida VALUES ('ROT', 3, 'COMPLETA', 'admin', '2017-11-14', '1', 'test', 1, 'Serompierops', 'Rotura');
INSERT INTO ordenessalida VALUES ('SALD', 5, 'COMPLETA', 'admin', '2017-11-14', '2', 'test', 1, 'Test ', 'Venta');
INSERT INTO ordenessalida VALUES ('ORD2', 6, 'ENPROCESO', 'admin', '2017-11-14', '2', 'test', 1, 'Se rompieron', 'Rotura');
INSERT INTO ordenessalida VALUES ('ORDSAL', 7, 'COMPLETA', 'admin', '2017-11-14', '2', 'test', 1, 'LALALA', 'Venta');
INSERT INTO ordenessalidaxenvio VALUES ('PED3', 1, 3, 'ORD1', 1, 1, 'ENVPED3');
INSERT INTO ordenessalidaxenvio VALUES ('PED3', 1, 3, 'ORD1', 1, 2, 'ENVPED3');
INSERT INTO ordenessalidaxenvio VALUES ('PED4', 1, 4, 'ORDD', 2, 3, 'ENVPED4');
INSERT INTO ordenessalidaxenvio VALUES ('PED7', 3, 7, 'SALD', 5, 6, 'ENVPED7');
INSERT INTO ordenessalidaxenvio VALUES ('PED7', 3, 7, 'SALD', 5, 5, 'ENVPED7');
INSERT INTO ordenessalidaxenvio VALUES ('PED8', 3, 8, 'ORDSAL', 7, 7, 'ENV7PED8');
INSERT INTO ordenessalidaxenvio VALUES ('PED9', 2, 9, 'ORDSAL', 7, 8, 'ENV8PED9');
INSERT INTO ordenessalidaxproductos VALUES ('ORD1', 1, 'HMR2', 1, 10.00, 'S', 'Venta');
INSERT INTO ordenessalidaxproductos VALUES ('ORDD', 2, 'LAP2', 2, 1.00, 'S', 'Venta');
INSERT INTO ordenessalidaxproductos VALUES ('ROT', 3, 'LAP2', 2, 5.00, 'S', 'Rotura');
INSERT INTO ordenessalidaxproductos VALUES ('SALD', 5, 'TMC14', 4, 2.00, 'S', 'Venta');
INSERT INTO ordenessalidaxproductos VALUES ('SALD', 5, 'ESCT13', 3, 3.00, 'S', 'Venta');
INSERT INTO ordenessalidaxproductos VALUES ('ORD2', 6, 'ESCT13', 3, 1.00, 'N', 'Rotura');
INSERT INTO ordenessalidaxproductos VALUES ('ORD2', 6, 'TMC14', 4, 1.00, 'N', 'Rotura');
INSERT INTO ordenessalidaxproductos VALUES ('ORDSAL', 7, 'SER5', 5, 10.00, 'S', 'Venta');
INSERT INTO ordenessalidaxproductos VALUES ('ORDSAL', 7, 'ENCH6', 6, 5.00, 'S', 'Venta');
INSERT INTO precios VALUES (1, 'HMR2', 1, 20.0000, '2017-11-05', '2017-11-17', 'T', 1);
INSERT INTO precios VALUES (2, 'LAP2', 2, 10.0000, '2017-11-12', '2017-11-16', 'T', 1);
INSERT INTO precios VALUES (3, 'ESCT13', 3, 120.0000, '2017-11-14', '2017-11-17', 'T', 1);
INSERT INTO precios VALUES (3, 'ESCT13', 4, 125.0000, '2017-11-14', '2017-12-30', 'F', 1);
INSERT INTO precios VALUES (4, 'TMC14', 5, 10.0000, '2017-11-14', '2017-12-30', 'T', 1);
INSERT INTO precios VALUES (5, 'SER5', 6, 25.0000, '2017-11-12', '2017-11-16', 'T', 1);
INSERT INTO precios VALUES (6, 'ENCH6', 7, 20.0000, '2017-11-07', '2017-11-17', 'T', 1);
INSERT INTO productos VALUES ('TMC14_24', 24, 'TMC14', 'CPR6', 6, 4, '2017-11-13', NULL, '2017-11-13', 75, 'ALMCT-4-almlog-4-X1Y13-X12Y13', 3, 'LOT4', 4, 'ALMCT-4-almlog-4', 4, 'S', 'ADELANTE', 54, 'INGRESADO', 1);
INSERT INTO productos VALUES ('TMC14_26', 26, 'TMC14', 'CPR6', 6, 4, '2017-11-13', NULL, '2017-11-13', 78, 'ALMCT-4-almlog-4-X1Y13-X12Y13', 3, 'LOT4', 4, 'ALMCT-4-almlog-4', 4, 'S', 'ADELANTE', 57, 'INGRESADO', 4);
INSERT INTO productos VALUES ('HMR2_3', 3, 'HMR2', 'CPR2', 1, 1, '2017-11-13', NULL, '2017-11-13', 77, 'ALMCT-4-almlog-4-X1Y13-X12Y13', 3, 'LOT2', 1, 'ALMCT-4-almlog-4', 4, 'S', 'ATRAS', 56, 'RESERVADO', 3);
INSERT INTO productos VALUES ('HMR2_5', 5, 'HMR2', 'CPR2', 1, 1, '2017-11-13', NULL, '2017-11-13', 91, 'ALMCT-4-almlog-4-X23Y4-X23Y21', 4, 'LOT2', 1, 'ALMCT-4-almlog-4', 4, 'S', 'IZQUIERDA', 70, 'RESERVADO', 8);
INSERT INTO productos VALUES ('HMR2_4', 4, 'HMR2', 'CPR2', 1, 1, '2017-11-13', NULL, '2017-11-13', 109, 'ALMCT-3-almlog-3-X1Y1-X14Y1', 5, 'LOT2', 1, 'ALMCT-3-almlog-3', 3, 'S', 'ADELANTE', 88, 'RESERVADO', 5);
INSERT INTO productos VALUES ('HMR2_6', 6, 'HMR2', 'CPR2', 1, 1, '2017-11-13', NULL, '2017-11-13', 10, 'ALMCT-2-almlog-2-X2Y11-X22Y11', 1, 'LOT2', 1, 'ALMCT-2-almlog-2', 2, 'S', 'ATRAS', 5, 'RESERVADO', 6);
INSERT INTO productos VALUES ('HMR2_10', 10, 'HMR2', 'CPR2', 1, 1, '2017-11-13', NULL, '2017-11-13', 122, 'ALMCT-2-almlog-2-X4Y26-X25Y26', 6, 'LOT2', 1, 'ALMCT-2-almlog-2', 2, 'S', 'ATRAS', 101, 'RESERVADO', 7);
INSERT INTO productos VALUES ('HMR2_8', 8, 'HMR2', 'CPR2', 1, 1, '2017-11-13', NULL, '2017-11-13', 36, 'ALMCT-2-almlog-2-X2Y11-X22Y11', 1, 'LOT2', 1, 'ALMCT-2-almlog-2', 2, 'S', 'ADELANTE', 18, 'RESERVADO', 19);
INSERT INTO productos VALUES ('HMR2_9', 9, 'HMR2', 'CPR2', 1, 1, '2017-11-13', NULL, '2017-11-13', 82, 'ALMCT-4-almlog-4-X1Y13-X12Y13', 3, 'LOT2', 1, 'ALMCT-4-almlog-4', 4, 'S', 'ATRAS', 61, 'RESERVADO', 8);
INSERT INTO productos VALUES ('HMR2_2', 2, 'HMR2', 'CPR2', 1, 1, '2017-11-13', NULL, '2017-11-13', 69, 'ALMCT-3-almlog-3-X14Y7-X14Y38', 2, 'LOT2', 1, 'ALMCT-3-almlog-3', 3, 'S', 'IZQUIERDA', 48, 'RESERVADO', 33);
INSERT INTO productos VALUES ('HMR2_2', 1, 'HMR2', 'CPR2', 1, 1, '2017-11-13', NULL, '2017-11-13', 118, 'ALMCT-3-almlog-3-X1Y1-X14Y1', 5, 'LOT2', 1, 'ALMCT-3-almlog-3', 3, 'S', 'ATRAS', 97, 'RESERVADO', 14);
INSERT INTO productos VALUES ('LAP2_11', 11, 'LAP2', 'CPR2', 2, 2, '2017-11-13', NULL, '2017-11-13', 141, 'ALMCT-2-almlog-2-X4Y4-X19Y4', 7, 'LOT2', 2, 'ALMCT-2-almlog-2', 2, 'S', 'ATRAS', 120, 'RESERVADO', 4);
INSERT INTO productos VALUES ('HMR2_7', 7, 'HMR2', 'CPR2', 1, 1, '2017-11-13', NULL, '2017-11-13', NULL, NULL, NULL, 'LOT2', 1, NULL, NULL, 'N', NULL, NULL, 'RESERVADO', NULL);
INSERT INTO productos VALUES ('TMC14_22', 22, 'TMC14', 'CPR6', 6, 4, '2017-11-13', NULL, '2017-11-13', 75, 'ALMCT-4-almlog-4-X1Y13-X12Y13', 3, 'LOT4', 4, 'ALMCT-4-almlog-4', 4, 'S', 'ADELANTE', 54, 'RESERVADO', 1);
INSERT INTO productos VALUES ('ESCT13_17', 17, 'ESCT13', 'CPR5', 5, 3, '2017-11-13', NULL, '2017-11-13', 75, 'ALMCT-4-almlog-4-X1Y13-X12Y13', 3, 'LOT3', 3, 'ALMCT-4-almlog-4', 4, 'S', 'ADELANTE', 54, 'RESERVADO', 1);
INSERT INTO productos VALUES ('ESCT13_18', 18, 'ESCT13', 'CPR5', 5, 3, '2017-11-13', NULL, '2017-11-13', 76, 'ALMCT-4-almlog-4-X1Y13-X12Y13', 3, 'LOT3', 3, 'ALMCT-4-almlog-4', 4, 'S', 'ADELANTE', 55, 'RESERVADO', 2);
INSERT INTO productos VALUES ('ESCT13_19', 19, 'ESCT13', 'CPR5', 5, 3, '2017-11-13', NULL, '2017-11-13', 78, 'ALMCT-4-almlog-4-X1Y13-X12Y13', 3, 'LOT3', 3, 'ALMCT-4-almlog-4', 4, 'S', 'ADELANTE', 57, 'RESERVADO', 4);
INSERT INTO productos VALUES ('TMC14_25', 25, 'TMC14', 'CPR6', 6, 4, '2017-11-13', NULL, '2017-11-13', 38, 'ALMCT-2-almlog-2-X2Y11-X22Y11', 1, 'LOT4', 4, 'ALMCT-2-almlog-2', 2, 'S', 'ADELANTE', 19, 'RESERVADO', 20);
INSERT INTO productos VALUES ('ESCT13_21', 21, 'ESCT13', 'CPR5', 5, 3, '2017-11-13', NULL, '2017-11-13', 98, 'ALMCT-4-almlog-4-X23Y4-X23Y21', 4, 'LOT3', 3, 'ALMCT-4-almlog-4', 4, 'S', 'IZQUIERDA', 77, 'RESERVADO', 15);
INSERT INTO productos VALUES ('TMC14_23', 23, 'TMC14', 'CPR6', 6, 4, '2017-11-13', NULL, '2017-11-13', 76, 'ALMCT-4-almlog-4-X1Y13-X12Y13', 3, 'LOT4', 4, 'ALMCT-4-almlog-4', 4, 'S', 'ADELANTE', 55, 'RESERVADO', 2);
INSERT INTO productos VALUES ('LAP2_13', 13, 'LAP2', 'ENC3', 3, 2, '2017-11-13', NULL, '2017-11-21', NULL, NULL, NULL, NULL, NULL, NULL, NULL, 'N', NULL, NULL, 'INGRESADO', NULL);
INSERT INTO productos VALUES ('LAP2_15', 15, 'LAP2', 'ENC3', 3, 2, '2017-11-13', NULL, '2017-11-21', NULL, NULL, NULL, NULL, NULL, NULL, NULL, 'N', NULL, NULL, 'INGRESADO', NULL);
INSERT INTO productos VALUES ('LAP2_14', 14, 'LAP2', 'ENC3', 3, 2, '2017-11-13', NULL, '2017-11-21', 87, 'ALMCT-4-almlog-4-X23Y4-X23Y21', 4, NULL, NULL, 'ALMCT-4-almlog-4', 4, 'S', 'IZQUIERDA', 66, 'INGRESADO', 4);
INSERT INTO productos VALUES ('LAP2_12', 12, 'LAP2', 'ENC3', 3, 2, '2017-11-13', NULL, '2017-11-21', 87, 'ALMCT-4-almlog-4-X23Y4-X23Y21', 4, NULL, NULL, 'ALMCT-4-almlog-4', 4, 'S', 'IZQUIERDA', 66, 'INGRESADO', 4);
INSERT INTO productos VALUES ('LAP2_16', 16, 'LAP2', 'ENC3', 3, 2, '2017-11-13', NULL, '2017-11-21', NULL, NULL, NULL, NULL, NULL, NULL, NULL, 'N', NULL, NULL, 'INGRESADO', NULL);
INSERT INTO productos VALUES ('ESCT13_20', 20, 'ESCT13', 'CPR5', 5, 3, '2017-11-13', NULL, '2017-11-13', 139, 'ALMCT-2-almlog-2-X4Y26-X25Y26', 6, 'LOT3', 3, 'ALMCT-2-almlog-2', 2, 'S', 'ATRAS', 118, 'INGRESADO', 24);
INSERT INTO productos VALUES ('ESCT13_30', 30, 'ESCT13', 'DEV9', 9, 3, '2017-11-14', NULL, '2017-11-15', NULL, NULL, NULL, NULL, NULL, NULL, NULL, 'N', NULL, NULL, 'INGRESADO', NULL);
INSERT INTO productos VALUES ('ESCT13_31', 31, 'ESCT13', 'DEV9', 9, 3, '2017-11-14', NULL, '2017-11-15', NULL, NULL, NULL, NULL, NULL, NULL, NULL, 'N', NULL, NULL, 'INGRESADO', NULL);
INSERT INTO productos VALUES ('SER5_42', 42, 'SER5', 'CPR11', 11, 5, '2017-11-14', NULL, '2017-11-15', NULL, NULL, NULL, 'LOT6', 6, NULL, NULL, 'N', NULL, NULL, 'INGRESADO', NULL);
INSERT INTO productos VALUES ('SER5_43', 43, 'SER5', 'CPR11', 11, 5, '2017-11-14', NULL, '2017-11-15', NULL, NULL, NULL, 'LOT6', 6, NULL, NULL, 'N', NULL, NULL, 'INGRESADO', NULL);
INSERT INTO productos VALUES ('SER5_44', 44, 'SER5', 'CPR11', 11, 5, '2017-11-14', NULL, '2017-11-15', NULL, NULL, NULL, 'LOT6', 6, NULL, NULL, 'N', NULL, NULL, 'INGRESADO', NULL);
INSERT INTO productos VALUES ('SER5_45', 45, 'SER5', 'CPR11', 11, 5, '2017-11-14', NULL, '2017-11-15', NULL, NULL, NULL, 'LOT6', 6, NULL, NULL, 'N', NULL, NULL, 'INGRESADO', NULL);
INSERT INTO productos VALUES ('SER5_46', 46, 'SER5', 'CPR11', 11, 5, '2017-11-14', NULL, '2017-11-15', NULL, NULL, NULL, 'LOT6', 6, NULL, NULL, 'N', NULL, NULL, 'INGRESADO', NULL);
INSERT INTO productos VALUES ('SER5_32', 32, 'SER5', 'CPR10', 10, 5, '2017-11-14', NULL, '2017-11-15', NULL, NULL, NULL, 'LOT5', 5, NULL, NULL, 'N', NULL, NULL, 'RESERVADO', NULL);
INSERT INTO productos VALUES ('SER5_33', 33, 'SER5', 'CPR10', 10, 5, '2017-11-14', NULL, '2017-11-15', NULL, NULL, NULL, 'LOT5', 5, NULL, NULL, 'N', NULL, NULL, 'RESERVADO', NULL);
INSERT INTO productos VALUES ('SER5_34', 34, 'SER5', 'CPR10', 10, 5, '2017-11-14', NULL, '2017-11-15', NULL, NULL, NULL, 'LOT5', 5, NULL, NULL, 'N', NULL, NULL, 'RESERVADO', NULL);
INSERT INTO productos VALUES ('SER5_35', 35, 'SER5', 'CPR10', 10, 5, '2017-11-14', NULL, '2017-11-15', NULL, NULL, NULL, 'LOT5', 5, NULL, NULL, 'N', NULL, NULL, 'RESERVADO', NULL);
INSERT INTO productos VALUES ('SER5_36', 36, 'SER5', 'CPR10', 10, 5, '2017-11-14', NULL, '2017-11-15', NULL, NULL, NULL, 'LOT5', 5, NULL, NULL, 'N', NULL, NULL, 'RESERVADO', NULL);
INSERT INTO productos VALUES ('SER5_37', 37, 'SER5', 'CPR10', 10, 5, '2017-11-14', NULL, '2017-11-15', NULL, NULL, NULL, 'LOT5', 5, NULL, NULL, 'N', NULL, NULL, 'RESERVADO', NULL);
INSERT INTO productos VALUES ('SER5_38', 38, 'SER5', 'CPR10', 10, 5, '2017-11-14', NULL, '2017-11-15', NULL, NULL, NULL, 'LOT5', 5, NULL, NULL, 'N', NULL, NULL, 'RESERVADO', NULL);
INSERT INTO productos VALUES ('SER5_39', 39, 'SER5', 'CPR10', 10, 5, '2017-11-14', NULL, '2017-11-15', NULL, NULL, NULL, 'LOT5', 5, NULL, NULL, 'N', NULL, NULL, 'RESERVADO', NULL);
INSERT INTO productos VALUES ('SER5_40', 40, 'SER5', 'CPR10', 10, 5, '2017-11-14', NULL, '2017-11-15', NULL, NULL, NULL, 'LOT5', 5, NULL, NULL, 'N', NULL, NULL, 'RESERVADO', NULL);
INSERT INTO productos VALUES ('SER5_41', 41, 'SER5', 'CPR10', 10, 5, '2017-11-14', NULL, '2017-11-15', NULL, NULL, NULL, 'LOT5', 5, NULL, NULL, 'N', NULL, NULL, 'RESERVADO', NULL);
INSERT INTO productos VALUES ('ENCH6_47', 47, 'ENCH6', 'CPR11', 11, 6, '2017-11-14', NULL, '2017-11-15', NULL, NULL, NULL, 'LOT6', 6, NULL, NULL, 'N', NULL, NULL, 'RESERVADO', NULL);
INSERT INTO productos VALUES ('ENCH6_48', 48, 'ENCH6', 'CPR11', 11, 6, '2017-11-14', NULL, '2017-11-15', NULL, NULL, NULL, 'LOT6', 6, NULL, NULL, 'N', NULL, NULL, 'RESERVADO', NULL);
INSERT INTO productos VALUES ('ENCH6_49', 49, 'ENCH6', 'CPR11', 11, 6, '2017-11-14', NULL, '2017-11-15', NULL, NULL, NULL, 'LOT6', 6, NULL, NULL, 'N', NULL, NULL, 'RESERVADO', NULL);
INSERT INTO productos VALUES ('ENCH6_50', 50, 'ENCH6', 'CPR11', 11, 6, '2017-11-14', NULL, '2017-11-15', NULL, NULL, NULL, 'LOT6', 6, NULL, NULL, 'N', NULL, NULL, 'RESERVADO', NULL);
INSERT INTO productos VALUES ('ENCH6_51', 51, 'ENCH6', 'CPR11', 11, 6, '2017-11-14', NULL, '2017-11-15', NULL, NULL, NULL, 'LOT6', 6, NULL, NULL, 'N', NULL, NULL, 'RESERVADO', NULL);
INSERT INTO ordenessalidaxproductosfinal VALUES ('HMR2_3', 3, 'HMR2', 'CPR2', 1, 1, 'ORD1', 1, 'RESERVADO');
INSERT INTO ordenessalidaxproductosfinal VALUES ('HMR2_5', 5, 'HMR2', 'CPR2', 1, 1, 'ORD1', 1, 'RESERVADO');
INSERT INTO ordenessalidaxproductosfinal VALUES ('HMR2_7', 7, 'HMR2', 'CPR2', 1, 1, 'ORD1', 1, 'RESERVADO');
INSERT INTO ordenessalidaxproductosfinal VALUES ('HMR2_4', 4, 'HMR2', 'CPR2', 1, 1, 'ORD1', 1, 'RESERVADO');
INSERT INTO ordenessalidaxproductosfinal VALUES ('HMR2_6', 6, 'HMR2', 'CPR2', 1, 1, 'ORD1', 1, 'RESERVADO');
INSERT INTO ordenessalidaxproductosfinal VALUES ('HMR2_10', 10, 'HMR2', 'CPR2', 1, 1, 'ORD1', 1, 'RESERVADO');
INSERT INTO ordenessalidaxproductosfinal VALUES ('HMR2_8', 8, 'HMR2', 'CPR2', 1, 1, 'ORD1', 1, 'RESERVADO');
INSERT INTO ordenessalidaxproductosfinal VALUES ('HMR2_9', 9, 'HMR2', 'CPR2', 1, 1, 'ORD1', 1, 'RESERVADO');
INSERT INTO ordenessalidaxproductosfinal VALUES ('HMR2_2', 2, 'HMR2', 'CPR2', 1, 1, 'ORD1', 1, 'RESERVADO');
INSERT INTO ordenessalidaxproductosfinal VALUES ('HMR2_2', 1, 'HMR2', 'CPR2', 1, 1, 'ORD1', 1, 'RESERVADO');
INSERT INTO ordenessalidaxproductosfinal VALUES ('LAP2_11', 11, 'LAP2', 'CPR2', 2, 2, 'ORDD', 2, 'RESERVADO');
INSERT INTO ordenessalidaxproductosfinal VALUES ('TMC14_25', 25, 'TMC14', 'CPR6', 6, 4, 'SALD', 5, 'RESERVADO');
INSERT INTO ordenessalidaxproductosfinal VALUES ('TMC14_22', 22, 'TMC14', 'CPR6', 6, 4, 'SALD', 5, 'RESERVADO');
INSERT INTO ordenessalidaxproductosfinal VALUES ('ESCT13_17', 17, 'ESCT13', 'CPR5', 5, 3, 'SALD', 5, 'RESERVADO');
INSERT INTO ordenessalidaxproductosfinal VALUES ('ESCT13_18', 18, 'ESCT13', 'CPR5', 5, 3, 'SALD', 5, 'RESERVADO');
INSERT INTO ordenessalidaxproductosfinal VALUES ('ESCT13_19', 19, 'ESCT13', 'CPR5', 5, 3, 'SALD', 5, 'RESERVADO');
INSERT INTO ordenessalidaxproductosfinal VALUES ('ESCT13_21', 21, 'ESCT13', 'CPR5', 5, 3, 'ORD2', 6, 'RESERVADO');
INSERT INTO ordenessalidaxproductosfinal VALUES ('TMC14_23', 23, 'TMC14', 'CPR6', 6, 4, 'ORD2', 6, 'RESERVADO');
INSERT INTO ordenessalidaxproductosfinal VALUES ('SER5_32', 32, 'SER5', 'CPR10', 10, 5, 'ORDSAL', 7, 'RESERVADO');
INSERT INTO ordenessalidaxproductosfinal VALUES ('SER5_33', 33, 'SER5', 'CPR10', 10, 5, 'ORDSAL', 7, 'RESERVADO');
INSERT INTO ordenessalidaxproductosfinal VALUES ('SER5_34', 34, 'SER5', 'CPR10', 10, 5, 'ORDSAL', 7, 'RESERVADO');
INSERT INTO ordenessalidaxproductosfinal VALUES ('SER5_35', 35, 'SER5', 'CPR10', 10, 5, 'ORDSAL', 7, 'RESERVADO');
INSERT INTO ordenessalidaxproductosfinal VALUES ('SER5_36', 36, 'SER5', 'CPR10', 10, 5, 'ORDSAL', 7, 'RESERVADO');
INSERT INTO ordenessalidaxproductosfinal VALUES ('SER5_37', 37, 'SER5', 'CPR10', 10, 5, 'ORDSAL', 7, 'RESERVADO');
INSERT INTO ordenessalidaxproductosfinal VALUES ('SER5_38', 38, 'SER5', 'CPR10', 10, 5, 'ORDSAL', 7, 'RESERVADO');
INSERT INTO ordenessalidaxproductosfinal VALUES ('SER5_39', 39, 'SER5', 'CPR10', 10, 5, 'ORDSAL', 7, 'RESERVADO');
INSERT INTO ordenessalidaxproductosfinal VALUES ('SER5_40', 40, 'SER5', 'CPR10', 10, 5, 'ORDSAL', 7, 'RESERVADO');
INSERT INTO ordenessalidaxproductosfinal VALUES ('SER5_41', 41, 'SER5', 'CPR10', 10, 5, 'ORDSAL', 7, 'RESERVADO');
INSERT INTO ordenessalidaxproductosfinal VALUES ('ENCH6_47', 47, 'ENCH6', 'CPR11', 11, 6, 'ORDSAL', 7, 'RESERVADO');
INSERT INTO ordenessalidaxproductosfinal VALUES ('ENCH6_48', 48, 'ENCH6', 'CPR11', 11, 6, 'ORDSAL', 7, 'RESERVADO');
INSERT INTO ordenessalidaxproductosfinal VALUES ('ENCH6_49', 49, 'ENCH6', 'CPR11', 11, 6, 'ORDSAL', 7, 'RESERVADO');
INSERT INTO ordenessalidaxproductosfinal VALUES ('ENCH6_50', 50, 'ENCH6', 'CPR11', 11, 6, 'ORDSAL', 7, 'RESERVADO');
INSERT INTO ordenessalidaxproductosfinal VALUES ('ENCH6_51', 51, 'ENCH6', 'CPR11', 11, 6, 'ORDSAL', 7, 'RESERVADO');
INSERT INTO simulaciones VALUES (1, 100.00, 10, 428.00, 0, 0);
INSERT INTO simulaciones VALUES (2, 100.00, 1, 14.00, 0, 0);
INSERT INTO simulaciones VALUES (4, 100.00, 1, 16.00, 0, 0);
INSERT INTO simulaciones VALUES (5, 100.00, 10, 413.00, 0, 0);
INSERT INTO simulaciones VALUES (6, 100.00, 10, 427.00, 0, 0);
INSERT INTO simulaciones VALUES (7, 100.00, 1, 16.00, 0, 0);
INSERT INTO simulaciones VALUES (8, 100.00, 10, 405.00, 0, 0);
INSERT INTO rutasdespacho VALUES (1, '0-0,0-0-0,134-158-92,OOOOSSSOSSSSSSS,104-160-134,69-73-55,OOOOOOOOOOOOOOOOSSEEEE,66-178-56,47-68-106,OOONNOOOOOONOONOOONNOOOOOOOOOOOOOO,198-211-170,105-209-70,OSSEEEEEEEEE,0-0-0,213-121-235,EEEEENENEEEEEENEENEEEENEEEENEEEENNEEEEEEEEEEEE', 134.00, 1);
INSERT INTO rutasdespacho VALUES (2, '0-0,0-0-0,17-68-248,SSSSSSSSSSOSSOSOSSSSSSSSSSSSSOSSSSSSSSSSSOSSSS,206-63-87,15-4-164,OOOO,239-133-59,174-249-31,ENNNENNNNNNENNNNENENEENNOOO,0-0-0,243-69-198,NENNNNNENNNNEEENNEENNNNNNNNNNNN', 112.00, 1);
INSERT INTO rutasdespacho VALUES (3, '0-0,0-0-0,70-126-75,SSSSSSSSSSSSSOOSSSSSSSSSSSSSSOOOOOSOOOOOSOOOOSSSSOOSOSSOOSSOO,133-196-214,166-42-191,NNNNOOSOOOOSOOOOOOOSOOSSOOOOOOOOS,166-4-190,118-138-92,NNNNNNNNNNNNNNNNNNNN,0-0-0,5-89-152,ENNNNNNENEENENEEENEEEEENENENNEEEEEEENEEEEENEEENEEEEEEENEEEEEEEEE', 182.00, 1);
INSERT INTO rutasdespacho VALUES (4, '0-0,0-0-0,184-1-1,OSOOSS,0-0-0,184-1-1,NNEENE', 14.00, 2);
INSERT INTO rutasdespacho VALUES (5, '0-0,0-0-0,110-174-172,OOOOSSS,0-0-0,110-174-172,NNNEEEE', 16.00, 4);
INSERT INTO rutasdespacho VALUES (6, '0-0,0-0-0,3-124-171,OOOSSSSSOSOOSSSS,216-113-145,184-119-121,EEEEESSOSSOOSOSSSSSSSSOSOS,0-0-0,48-2-122,NNNNNNENNNNEEENNEENNNNNNNNNNNNNE', 77.00, 5);
INSERT INTO rutasdespacho VALUES (7, '0-0,0-0-0,179-42-136,SSSSSSSSSSSSSSSSSSOSSSSSOSSSSOSSSOOSSSSSSSSSSSS,81-55-43,120-102-175,OOOOO,49-156-45,127-194-140,ONNOONONOOOOOOOOOO,49-156-45,22-219-98,NNNNNNNNONNNONNEEEENENNNNENNNNNNNEN,0-0-0,215-26-41,EEESEESEEEEEEEEENNEEEENNNNNNNENNNNN', 145.00, 5);
INSERT INTO rutasdespacho VALUES (8, '0-0,0-0-0,119-194-68,OOOOOOOOOOOOSOOOOOOOSOOOOOOOOOOOSOOSOOSSSSOOOOO,170-26-110,193-245-110,OOSOOOOONOOONNE,243-147-227,237-173-38,OSSESSSESESSSOSSS,243-147-227,232-127-52,SSSSSSSSSSSSSSSSSSSSS,0-0-0,6-128-29,NNNNNENENNENNNNNNNNNNNNNNNNNNNEENNEEEEENEENEENNENNENENEEEEEEEEEENEEEEEEEEEEENEEEEEEEEE', 191.00, 5);
INSERT INTO rutasdespacho VALUES (9, '0-0,0-0-0,113-31-71,OOOSSSSSOOSSSSSO,192-204-40,61-27-171,EEEEESSSSOOSSOOOOSSSSSSSSS,146-205-51,25-253-63,OOOOOOOOONNNNNNNNNNONNONO,0-0-0,207-233-53,SEEEEEEENEEEEEEESEEEENNNNNNNNNNNNNE', 106.00, 6);
INSERT INTO rutasdespacho VALUES (10, '0-0,0-0-0,195-214-137,OOOOSOOOOOOOOOSOSOOOOOOOOOOOOSOOOOSOOSOOSSOOOOO,92-126-101,34-241-133,SSSSSSSSOSSOSSSSSSOSSSSOSSSSSSSSOSOOSOS,34-101-28,214-44-109,NNNNNNNNNENNONNNNNNNNNN,34-101-28,51-116-85,NNNNNNNNNNOONNE,0-0-0,175-163-191,EEEEEENEEENNEEENEEEEEEENEESEEEENEEEEEEEEEENEEEEEEEEEEEEE', 185.00, 6);
INSERT INTO rutasdespacho VALUES (11, '0-0,0-0-0,13-162-84,SSSSSSSOSSSSSOSSSSSSSSSSSSOSSSSSSSSSSOSSSSSSSOS,164-141-172,249-168-182,OOOOO,56-206-137,113-15-130,ONOOOONONOONOOOOOO,0-0-0,213-44-130,NNNEEENEENEEEEEENNNEEEEENNNEEEEENNNNNNNNNNNNNNNEENNNNNNNNNNNNE', 136.00, 6);
INSERT INTO rutasdespacho VALUES (12, '0-0,0-0-0,37-59-234,OOOOSSS,0-0-0,37-59-234,NNNEEEE', 16.00, 7);
INSERT INTO rutasdespacho VALUES (13, '0-0,0-0-0,27-198-5,SSSSSSSSSSSSSOOSOOSOSSSSSSOOSSSS,4-36-52,166-105-5,EEEESSSSSSSSSSSSSOOSSSS,4-36-52,228-163-129,OOOOO,114-14-99,185-202-21,OOONNOOOOONONOOOOO,0-0-0,159-232-240,ENNNNNENEENNEEENEEENEEEEEENEEEEEENNNNNNENNNNNNNNNNNNNNNNNNNNNE', 145.00, 8);
INSERT INTO rutasdespacho VALUES (14, '0-0,0-0-0,122-202-114,SSSSSSSSSSSSOOOOOOOOOOOOOOOOOOO,247-109-203,53-117-22,OOOONNEEEEEEEEEEEEEEEEE,0-0-0,133-254-233,ENNNENNENNNENNEE', 73.00, 8);
INSERT INTO rutasdespacho VALUES (15, '0-0,0-0-0,86-106-44,OOOOOOOOOOOOSOOOOOOOOOOSOSOOOSOOOSOOOOOSSSOOOOO,193-140-241,76-203-202,OOOOOOOOOONNE,135-67-238,142-218-210,OSSEESSSSSSSSSS,135-67-238,192-124-111,SSSSSSSSSSSSSSSSSSSSS,0-0-0,43-180-248,NNNNNNNNNENNNNNENNNNENNNNENNNNNENENEENEEEEENNNENEENEEEEENNEEEEEEEEEEEEEEEEEENEEEENEEEE', 187.00, 8);
INSERT INTO simulacionesxdespachos VALUES ('ORD1', 1, 1);
INSERT INTO simulacionesxdespachos VALUES ('ORDD', 2, 2);
INSERT INTO simulacionesxdespachos VALUES ('ORDD', 2, 4);
INSERT INTO simulacionesxdespachos VALUES ('ORD1', 1, 5);
INSERT INTO simulacionesxdespachos VALUES ('ORD1', 1, 6);
INSERT INTO simulacionesxdespachos VALUES ('ORDD', 2, 7);
INSERT INTO simulacionesxdespachos VALUES ('ORD1', 1, 8);
INSERT INTO stocks VALUES (1, 'HMR2', 0, 0);
INSERT INTO stocks VALUES (2, 'LAP2', 0, 0);
INSERT INTO stocks VALUES (4, 'TMC14', 2, 2);
INSERT INTO stocks VALUES (3, 'ESCT13', 3, 3);
INSERT INTO stocks VALUES (5, 'SER5', 5, 5);
INSERT INTO stocks VALUES (6, 'ENCH6', 0, 0);